station_abbr;station_name;station_canton;station_wigos_id;station_type_de;station_type_fr;station_type_it;station_type_en;station_dataowner;station_data_since;station_height_masl;station_height_barometer_masl;station_coordinates_lv95_east;station_coordinates_lv95_north;station_coordinates_wgs84_lat;station_coordinates_wgs84_lon;station_exposition_de;station_exposition_fr;station_exposition_it;station_exposition_en;station_url_de;station_url_fr;station_url_it;station_url_en
ABE;Aarberg;BE;0-756-0-ABE;Automatische Niederschlagsstationen;Stations pluviométriques automatiques;Stazioni pluviometriche automatiche;Automatic precipitation stations;MeteoSchweiz;01.01.1900;444;;2588354;1211894;47.057969;7.28535;Ebene;Plaine;Pianura;plain;https://www.meteoschweiz.admin.ch/service-und-publikationen/applikationen/messwerte-und-messnetze.html#param=messnetz-automatisch&station=ABE;https://www.meteosuisse.admin.ch/services-et-publications/applications/valeurs-mesurees-et-reseaux-de-mesure.html#param=messnetz-automatisch&station=ABE;https://www.meteosvizzera.admin.ch/servizi-e-pubblicazioni/applicazioni/valori-attuali-e-reti-di-misura.html#param=messnetz-automatisch&station=ABE;https://www.meteoswiss.admin.ch/services-and-publications/applications/measurement-values-and-measuring-networks.html#param=messnetz-automatisch&station=ABE
ABG;L'Abergement;VD;0-756-0-ABG;Manuelle Niederschlagsstationen;Stations pluviométriques manuelles;Stazioni pluviometriche manuali;Manual precipitation stations;MeteoSchweiz;01.01.1931;647;;2527540;1178771;46.756178;6.490211;Südosthang;Versant sud-est;Versante sud-orientale;south-eastern oriented slope;https://www.meteoschweiz.admin.ch/service-und-publikationen/applikationen/messwerte-und-messnetze.html#param=messnetz-manuell&station=ABG;https://www.meteosuisse.admin.ch/services-et-publications/applications/valeurs-mesurees-et-reseaux-de-mesure.html#param=messnetz-manuell&station=ABG;https://www.meteosvizzera.admin.ch/servizi-e-pubblicazioni/applicazioni/valori-attuali-e-reti-di-misura.html#param=messnetz-manuell&station=ABG;https://www.meteoswiss.admin.ch/services-and-publications/applications/measurement-values-and-measuring-networks.html#param=messnetz-manuell&station=ABG
ABO;Adelboden;BE;0-20000-0-06735;Automatische Wetterstationen;Stations météorologiques automatiques;Stazioni meteorologiche automatiche;Automatic weather stations;MeteoSchweiz, SLF;01.01.1901;1321;1326;2609372;1148939;46.491703;7.560703;Südosthang;Versant sud-est;Versante sud-orientale;south-eastern oriented slope;https://www.meteoschweiz.admin.ch/service-und-publikationen/applikationen/messwerte-und-messnetze.html#param=messnetz-automatisch&station=ABO;https://www.meteosuisse.admin.ch/services-et-publications/applications/valeurs-mesurees-et-reseaux-de-mesure.html#param=messnetz-automatisch&station=ABO;https://www.meteosvizzera.admin.ch/servizi-e-pubblicazioni/applicazioni/valori-attuali-e-reti-di-misura.html#param=messnetz-automatisch&station=ABO;https://www.meteoswiss.admin.ch/services-and-publications/applications/measurement-values-and-measuring-networks.html#param=messnetz-automatisch&station=ABO
AFI;Andelfingen;ZH;0-756-0-AFI;Automatische Niederschlagsstationen;Stations pluviométriques automatiques;Stazioni pluviometriche automatiche;Automatic precipitation stations;MeteoSchweiz;01.01.1902;360;;2692617;1273392;47.604669;8.670289;Anhöhe (30 - 100 m über Talsohle);Butte (30-100 m au-dessus du fond de vallée);Collina (30 - 100 m sopra il fondovalle);height (30-100 m above valley);https://www.meteoschweiz.admin.ch/service-und-publikationen/applikationen/messwerte-und-messnetze.html#param=messnetz-automatisch&station=AFI;https://www.meteosuisse.admin.ch/services-et-publications/applications/valeurs-mesurees-et-reseaux-de-mesure.html#param=messnetz-automatisch&station=AFI;https://www.meteosvizzera.admin.ch/servizi-e-pubblicazioni/applicazioni/valori-attuali-e-reti-di-misura.html#param=messnetz-automatisch&station=AFI;https://www.meteoswiss.admin.ch/services-and-publications/applications/measurement-values-and-measuring-networks.html#param=messnetz-automatisch&station=AFI
AFT;Affeltrangen;TG;0-756-0-AFT;Manuelle Niederschlagsstationen;Stations pluviométriques manuelles;Stazioni pluviometriche manuali;Manual precipitation stations;MeteoSchweiz;01.01.1900;541;;2718740;1266352;47.537156;9.015719;Ebene;Plaine;Pianura;plain;https://www.meteoschweiz.admin.ch/service-und-publikationen/applikationen/messwerte-und-messnetze.html#param=messnetz-manuell&station=AFT;https://www.meteosuisse.admin.ch/services-et-publications/applications/valeurs-mesurees-et-reseaux-de-mesure.html#param=messnetz-manuell&station=AFT;https://www.meteosvizzera.admin.ch/servizi-e-pubblicazioni/applicazioni/valori-attuali-e-reti-di-misura.html#param=messnetz-manuell&station=AFT;https://www.meteoswiss.admin.ch/services-and-publications/applications/measurement-values-and-measuring-networks.html#param=messnetz-manuell&station=AFT
AIE;Affoltern i. E.;BE;0-756-0-AIE;Automatische Niederschlagsstationen;Stations pluviométriques automatiques;Stazioni pluviometriche automatiche;Automatic precipitation stations;MeteoSchweiz;01.01.1864;755;;2622940;1212500;47.063125;7.740614;Osthang;Versant est;Versante orientale;eastern oriented slope;https://www.meteoschweiz.admin.ch/service-und-publikationen/applikationen/messwerte-und-messnetze.html#param=messnetz-automatisch&station=AIE;https://www.meteosuisse.admin.ch/services-et-publications/applications/valeurs-mesurees-et-reseaux-de-mesure.html#param=messnetz-automatisch&station=AIE;https://www.meteosvizzera.admin.ch/servizi-e-pubblicazioni/applicazioni/valori-attuali-e-reti-di-misura.html#param=messnetz-automatisch&station=AIE;https://www.meteoswiss.admin.ch/services-and-publications/applications/measurement-values-and-measuring-networks.html#param=messnetz-automatisch&station=AIE
AIG;Aigle;VD;0-20000-0-06712;Automatische Wetterstationen;Stations météorologiques automatiques;Stazioni meteorologiche automatiche;Automatic weather stations;MeteoSchweiz;01.01.1961;381;382;2560404;1130713;46.326647;6.924472;Ebene;Plaine;Pianura;plain;https://www.meteoschweiz.admin.ch/service-und-publikationen/applikationen/messwerte-und-messnetze.html#param=messnetz-automatisch&station=AIG;https://www.meteosuisse.admin.ch/services-et-publications/applications/valeurs-mesurees-et-reseaux-de-mesure.html#param=messnetz-automatisch&station=AIG;https://www.meteosvizzera.admin.ch/servizi-e-pubblicazioni/applicazioni/valori-attuali-e-reti-di-misura.html#param=messnetz-automatisch&station=AIG;https://www.meteoswiss.admin.ch/services-and-publications/applications/measurement-values-and-measuring-networks.html#param=messnetz-automatisch&station=AIG
AIR;Airolo;TI;0-756-0-AIR;Automatische Niederschlagsstationen;Stations pluviométriques automatiques;Stazioni pluviometriche automatiche;Automatic precipitation stations;MeteoSchweiz;17.10.1883;1139;;2688910;1153417;46.526142;8.597444;Tal;Vallée;Valle;valley;https://www.meteoschweiz.admin.ch/service-und-publikationen/applikationen/messwerte-und-messnetze.html#param=messnetz-automatisch&station=AIR;https://www.meteosuisse.admin.ch/services-et-publications/applications/valeurs-mesurees-et-reseaux-de-mesure.html#param=messnetz-automatisch&station=AIR;https://www.meteosvizzera.admin.ch/servizi-e-pubblicazioni/applicazioni/valori-attuali-e-reti-di-misura.html#param=messnetz-automatisch&station=AIR;https://www.meteoswiss.admin.ch/services-and-publications/applications/measurement-values-and-measuring-networks.html#param=messnetz-automatisch&station=AIR
ALM;Altmatt;SZ;0-756-0-ALM;Manuelle Niederschlagsstationen;Stations pluviométriques manuelles;Stazioni pluviometriche manuali;Manual precipitation stations;MeteoSchweiz;01.10.1972;920;;2695421;1220770;47.131031;8.696358;Ebene;Plaine;Pianura;plain;https://www.meteoschweiz.admin.ch/service-und-publikationen/applikationen/messwerte-und-messnetze.html#param=messnetz-manuell&station=ALM;https://www.meteosuisse.admin.ch/services-et-publications/applications/valeurs-mesurees-et-reseaux-de-mesure.html#param=messnetz-manuell&station=ALM;https://www.meteosvizzera.admin.ch/servizi-e-pubblicazioni/applicazioni/valori-attuali-e-reti-di-misura.html#param=messnetz-manuell&station=ALM;https://www.meteoswiss.admin.ch/services-and-publications/applications/measurement-values-and-measuring-networks.html#param=messnetz-manuell&station=ALM
ALS;Altstätten, SG;SG;0-756-0-ALS;Automatische Niederschlagsstationen;Stations pluviométriques automatiques;Stazioni pluviometriche automatiche;Automatic precipitation stations;MeteoSchweiz;01.01.1864;430;;2759910;1250202;47.383225;9.556531;Tal;Vallée;Valle;valley;https://www.meteoschweiz.admin.ch/service-und-publikationen/applikationen/messwerte-und-messnetze.html#param=messnetz-automatisch&station=ALS;https://www.meteosuisse.admin.ch/services-et-publications/applications/valeurs-mesurees-et-reseaux-de-mesure.html#param=messnetz-automatisch&station=ALS;https://www.meteosvizzera.admin.ch/servizi-e-pubblicazioni/applicazioni/valori-attuali-e-reti-di-misura.html#param=messnetz-automatisch&station=ALS;https://www.meteoswiss.admin.ch/services-and-publications/applications/measurement-values-and-measuring-networks.html#param=messnetz-automatisch&station=ALS
ALT;Altdorf;UR;0-20000-0-06672;Automatische Wetterstationen;Stations météorologiques automatiques;Stazioni meteorologiche automatiche;Automatic weather stations;MeteoSchweiz;01.01.1864;438;440;2690181;1193564;46.887069;8.621894;Ebene;Plaine;Pianura;plain;https://www.meteoschweiz.admin.ch/service-und-publikationen/applikationen/messwerte-und-messnetze.html#param=messnetz-automatisch&station=ALT;https://www.meteosuisse.admin.ch/services-et-publications/applications/valeurs-mesurees-et-reseaux-de-mesure.html#param=messnetz-automatisch&station=ALT;https://www.meteosvizzera.admin.ch/servizi-e-pubblicazioni/applicazioni/valori-attuali-e-reti-di-misura.html#param=messnetz-automatisch&station=ALT;https://www.meteoswiss.admin.ch/services-and-publications/applications/measurement-values-and-measuring-networks.html#param=messnetz-automatisch&station=ALT
ALV;Alvaneu Dorf;GR;0-756-0-ALV;Manuelle Niederschlagsstationen;Stations pluviométriques manuelles;Stazioni pluviometriche manuali;Manual precipitation stations;MeteoSchweiz;01.11.1972;1162;;2768985;1171899;46.676908;9.647458;Südhang;Versant sud;Versante meridionale;southern oriented slope;https://www.meteoschweiz.admin.ch/service-und-publikationen/applikationen/messwerte-und-messnetze.html#param=messnetz-manuell&station=ALV;https://www.meteosuisse.admin.ch/services-et-publications/applications/valeurs-mesurees-et-reseaux-de-mesure.html#param=messnetz-manuell&station=ALV;https://www.meteosvizzera.admin.ch/servizi-e-pubblicazioni/applicazioni/valori-attuali-e-reti-di-misura.html#param=messnetz-manuell&station=ALV;https://www.meteoswiss.admin.ch/services-and-publications/applications/measurement-values-and-measuring-networks.html#param=messnetz-manuell&station=ALV
ALW;Allenwinden, TG;TG;0-756-0-ALW;Manuelle Niederschlagsstationen;Stations pluviométriques manuelles;Stazioni pluviometriche manuali;Manual precipitation stations;MeteoSchweiz;01.01.1973;865;;2713801;1249550;47.386942;8.945853;Ebene;Plaine;Pianura;plain;https://www.meteoschweiz.admin.ch/service-und-publikationen/applikationen/messwerte-und-messnetze.html#param=messnetz-manuell&station=ALW;https://www.meteosuisse.admin.ch/services-et-publications/applications/valeurs-mesurees-et-reseaux-de-mesure.html#param=messnetz-manuell&station=ALW;https://www.meteosvizzera.admin.ch/servizi-e-pubblicazioni/applicazioni/valori-attuali-e-reti-di-misura.html#param=messnetz-manuell&station=ALW;https://www.meteoswiss.admin.ch/services-and-publications/applications/measurement-values-and-measuring-networks.html#param=messnetz-manuell&station=ALW
AMW;Amriswil;TG;0-756-0-AMW;Automatische Niederschlagsstationen;Stations pluviométriques automatiques;Stazioni pluviometriche automatiche;Automatic precipitation stations;MeteoSchweiz;01.01.1901;420;;2741797;1268304;47.550136;9.322475;Ebene;Plaine;Pianura;plain;https://www.meteoschweiz.admin.ch/service-und-publikationen/applikationen/messwerte-und-messnetze.html#param=messnetz-automatisch&station=AMW;https://www.meteosuisse.admin.ch/services-et-publications/applications/valeurs-mesurees-et-reseaux-de-mesure.html#param=messnetz-automatisch&station=AMW;https://www.meteosvizzera.admin.ch/servizi-e-pubblicazioni/applicazioni/valori-attuali-e-reti-di-misura.html#param=messnetz-automatisch&station=AMW;https://www.meteoswiss.admin.ch/services-and-publications/applications/measurement-values-and-measuring-networks.html#param=messnetz-automatisch&station=AMW
AND;Andeer;GR;0-20000-0-06787;Automatische Wetterstationen;Stations météorologiques automatiques;Stazioni meteorologiche automatiche;Automatic weather stations;MeteoSchweiz;01.01.1901;987;988;2752692;1164038;46.610139;9.431981;Ebene;Plaine;Pianura;plain;https://www.meteoschweiz.admin.ch/service-und-publikationen/applikationen/messwerte-und-messnetze.html#param=messnetz-automatisch&station=AND;https://www.meteosuisse.admin.ch/services-et-publications/applications/valeurs-mesurees-et-reseaux-de-mesure.html#param=messnetz-automatisch&station=AND;https://www.meteosvizzera.admin.ch/servizi-e-pubblicazioni/applicazioni/valori-attuali-e-reti-di-misura.html#param=messnetz-automatisch&station=AND;https://www.meteoswiss.admin.ch/services-and-publications/applications/measurement-values-and-measuring-networks.html#param=messnetz-automatisch&station=AND
ANT;Andermatt;UR;0-20000-0-06695;Automatische Wetterstationen;Stations météorologiques automatiques;Stazioni meteorologiche automatiche;Automatic weather stations;MeteoSchweiz, SLF;01.01.1864;1435;1436;2687445;1165044;46.630914;8.580553;Muldenlage;Dépression;Depressione;basin;https://www.meteoschweiz.admin.ch/service-und-publikationen/applikationen/messwerte-und-messnetze.html#param=messnetz-automatisch&station=ANT;https://www.meteosuisse.admin.ch/services-et-publications/applications/valeurs-mesurees-et-reseaux-de-mesure.html#param=messnetz-automatisch&station=ANT;https://www.meteosvizzera.admin.ch/servizi-e-pubblicazioni/applicazioni/valori-attuali-e-reti-di-misura.html#param=messnetz-automatisch&station=ANT;https://www.meteoswiss.admin.ch/services-and-publications/applications/measurement-values-and-measuring-networks.html#param=messnetz-automatisch&station=ANT
APP;Appenzell;AI;0-756-0-APP;Automatische Niederschlagsstationen;Stations pluviométriques automatiques;Stazioni pluviometriche automatiche;Automatic precipitation stations;MeteoSchweiz;01.01.1891;750;;2748013;1245040;47.339592;9.397314;Ebene;Plaine;Pianura;plain;https://www.meteoschweiz.admin.ch/service-und-publikationen/applikationen/messwerte-und-messnetze.html#param=messnetz-automatisch&station=APP;https://www.meteosuisse.admin.ch/services-et-publications/applications/valeurs-mesurees-et-reseaux-de-mesure.html#param=messnetz-automatisch&station=APP;https://www.meteosvizzera.admin.ch/servizi-e-pubblicazioni/applicazioni/valori-attuali-e-reti-di-misura.html#param=messnetz-automatisch&station=APP;https://www.meteoswiss.admin.ch/services-and-publications/applications/measurement-values-and-measuring-networks.html#param=messnetz-automatisch&station=APP
APT;Alpthal;SZ;0-756-0-APT;Manuelle Niederschlagsstationen;Stations pluviométriques manuelles;Stazioni pluviometriche manuali;Manual precipitation stations;MeteoSchweiz;01.01.1973;1015;;2696861;1212930;47.060308;8.713656;Ebene;Plaine;Pianura;plain;https://www.meteoschweiz.admin.ch/service-und-publikationen/applikationen/messwerte-und-messnetze.html#param=messnetz-manuell&station=APT;https://www.meteosuisse.admin.ch/services-et-publications/applications/valeurs-mesurees-et-reseaux-de-mesure.html#param=messnetz-manuell&station=APT;https://www.meteosvizzera.admin.ch/servizi-e-pubblicazioni/applicazioni/valori-attuali-e-reti-di-misura.html#param=messnetz-manuell&station=APT;https://www.meteoswiss.admin.ch/services-and-publications/applications/measurement-values-and-measuring-networks.html#param=messnetz-manuell&station=APT
ARB;Arbon;TG;0-756-0-ARB;Manuelle Niederschlagsstationen;Stations pluviométriques manuelles;Stazioni pluviometriche manuali;Manual precipitation stations;MeteoSchweiz;01.06.1879;401;;2750507;1263115;47.501542;9.436392;Ebene;Plaine;Pianura;plain;https://www.meteoschweiz.admin.ch/service-und-publikationen/applikationen/messwerte-und-messnetze.html#param=messnetz-manuell&station=ARB;https://www.meteosuisse.admin.ch/services-et-publications/applications/valeurs-mesurees-et-reseaux-de-mesure.html#param=messnetz-manuell&station=ARB;https://www.meteosvizzera.admin.ch/servizi-e-pubblicazioni/applicazioni/valori-attuali-e-reti-di-misura.html#param=messnetz-manuell&station=ARB;https://www.meteoswiss.admin.ch/services-and-publications/applications/measurement-values-and-measuring-networks.html#param=messnetz-manuell&station=ARB
ARI;Arisdorf;BL;0-756-0-ARI;Manuelle Niederschlagsstationen;Stations pluviométriques manuelles;Stazioni pluviometriche manuali;Manual precipitation stations;MeteoSchweiz;01.01.1900;482;;2625317;1261859;47.506994;7.774681;Nordwesthang;Versant nord-ouest;Versante nord-occidentale;north-western oriented slope;https://www.meteoschweiz.admin.ch/service-und-publikationen/applikationen/messwerte-und-messnetze.html#param=messnetz-manuell&station=ARI;https://www.meteosuisse.admin.ch/services-et-publications/applications/valeurs-mesurees-et-reseaux-de-mesure.html#param=messnetz-manuell&station=ARI;https://www.meteosvizzera.admin.ch/servizi-e-pubblicazioni/applicazioni/valori-attuali-e-reti-di-misura.html#param=messnetz-manuell&station=ARI;https://www.meteoswiss.admin.ch/services-and-publications/applications/measurement-values-and-measuring-networks.html#param=messnetz-manuell&station=ARI
ARO;Arosa;GR;0-20000-0-06785;Automatische Wetterstationen;Stations météorologiques automatiques;Stazioni meteorologiche automatiche;Automatic weather stations;MeteoSchweiz, SLF;01.01.1890;1878;1879;2771031;1184830;46.792661;9.679014;Südosthang;Versant sud-est;Versante sud-orientale;south-eastern oriented slope;https://www.meteoschweiz.admin.ch/service-und-publikationen/applikationen/messwerte-und-messnetze.html#param=messnetz-automatisch&station=ARO;https://www.meteosuisse.admin.ch/services-et-publications/applications/valeurs-mesurees-et-reseaux-de-mesure.html#param=messnetz-automatisch&station=ARO;https://www.meteosvizzera.admin.ch/servizi-e-pubblicazioni/applicazioni/valori-attuali-e-reti-di-misura.html#param=messnetz-automatisch&station=ARO;https://www.meteoswiss.admin.ch/services-and-publications/applications/measurement-values-and-measuring-networks.html#param=messnetz-automatisch&station=ARO
AST;Stalden / Ackersand;VS;0-756-0-AST;Manuelle Niederschlagsstationen;Stations pluviométriques manuelles;Stazioni pluviometriche manuali;Manual precipitation stations;MeteoSchweiz;01.01.1961;701;;2633608;1121114;46.240625;7.874361;Ebene;Plaine;Pianura;plain;https://www.meteoschweiz.admin.ch/service-und-publikationen/applikationen/messwerte-und-messnetze.html#param=messnetz-manuell&station=AST;https://www.meteosuisse.admin.ch/services-et-publications/applications/valeurs-mesurees-et-reseaux-de-mesure.html#param=messnetz-manuell&station=AST;https://www.meteosvizzera.admin.ch/servizi-e-pubblicazioni/applicazioni/valori-attuali-e-reti-di-misura.html#param=messnetz-manuell&station=AST;https://www.meteoswiss.admin.ch/services-and-publications/applications/measurement-values-and-measuring-networks.html#param=messnetz-manuell&station=AST
AUB;L' Auberson;VD;0-756-0-AUB;Automatische Niederschlagsstationen;Stations pluviométriques automatiques;Stazioni pluviometriche automatiche;Automatic precipitation stations;MeteoSchweiz;01.01.1915;1096;;2523852;1186296;46.82345;6.440692;Ebene;Plaine;Pianura;plain;https://www.meteoschweiz.admin.ch/service-und-publikationen/applikationen/messwerte-und-messnetze.html#param=messnetz-automatisch&station=AUB;https://www.meteosuisse.admin.ch/services-et-publications/applications/valeurs-mesurees-et-reseaux-de-mesure.html#param=messnetz-automatisch&station=AUB;https://www.meteosvizzera.admin.ch/servizi-e-pubblicazioni/applicazioni/valori-attuali-e-reti-di-misura.html#param=messnetz-automatisch&station=AUB;https://www.meteoswiss.admin.ch/services-and-publications/applications/measurement-values-and-measuring-networks.html#param=messnetz-automatisch&station=AUB
AVA;Les Avants;VD;0-756-0-AVA;Automatische Niederschlagsstationen;Stations pluviométriques automatiques;Stazioni pluviometriche automatiche;Automatic precipitation stations;MeteoSchweiz;01.01.1974;1036;;2561880;1145178;46.45685;6.942444;Südhang;Versant sud;Versante meridionale;southern oriented slope;https://www.meteoschweiz.admin.ch/service-und-publikationen/applikationen/messwerte-und-messnetze.html#param=messnetz-automatisch&station=AVA;https://www.meteosuisse.admin.ch/services-et-publications/applications/valeurs-mesurees-et-reseaux-de-mesure.html#param=messnetz-automatisch&station=AVA;https://www.meteosvizzera.admin.ch/servizi-e-pubblicazioni/applicazioni/valori-attuali-e-reti-di-misura.html#param=messnetz-automatisch&station=AVA;https://www.meteoswiss.admin.ch/services-and-publications/applications/measurement-values-and-measuring-networks.html#param=messnetz-automatisch&station=AVA
AVB;Avers / Am Bach;GR;0-756-0-AVB;Manuelle Niederschlagsstationen;Stations pluviométriques manuelles;Stazioni pluviometriche manuali;Manual precipitation stations;MeteoSchweiz;01.01.1961;1993;;2761960;1146803;46.452975;9.546861;Südwesthang;Versant sud-ouest;Versante sud-occidentale;south-western oriented slope;https://www.meteoschweiz.admin.ch/service-und-publikationen/applikationen/messwerte-und-messnetze.html#param=messnetz-manuell&station=AVB;https://www.meteosuisse.admin.ch/services-et-publications/applications/valeurs-mesurees-et-reseaux-de-mesure.html#param=messnetz-manuell&station=AVB;https://www.meteosvizzera.admin.ch/servizi-e-pubblicazioni/applicazioni/valori-attuali-e-reti-di-misura.html#param=messnetz-manuell&station=AVB;https://www.meteoswiss.admin.ch/services-and-publications/applications/measurement-values-and-measuring-networks.html#param=messnetz-manuell&station=AVB
AVE;Avenches;VD;0-756-0-AVE;Manuelle Niederschlagsstationen;Stations pluviométriques manuelles;Stazioni pluviometriche manuali;Manual precipitation stations;MeteoSchweiz;01.01.1938;457;;2569653;1191910;46.877619;7.040539;Ebene;Plaine;Pianura;plain;https://www.meteoschweiz.admin.ch/service-und-publikationen/applikationen/messwerte-und-messnetze.html#param=messnetz-manuell&station=AVE;https://www.meteosuisse.admin.ch/services-et-publications/applications/valeurs-mesurees-et-reseaux-de-mesure.html#param=messnetz-manuell&station=AVE;https://www.meteosvizzera.admin.ch/servizi-e-pubblicazioni/applicazioni/valori-attuali-e-reti-di-misura.html#param=messnetz-manuell&station=AVE;https://www.meteoswiss.admin.ch/services-and-publications/applications/measurement-values-and-measuring-networks.html#param=messnetz-manuell&station=AVE
BAM;Bauma;ZH;0-756-0-BAM;Manuelle Niederschlagsstationen;Stations pluviométriques manuelles;Stazioni pluviometriche manuali;Manual precipitation stations;MeteoSchweiz;01.01.1900;667;;2710806;1247005;47.364567;8.905564;Nordwesthang;Versant nord-ouest;Versante nord-occidentale;north-western oriented slope;https://www.meteoschweiz.admin.ch/service-und-publikationen/applikationen/messwerte-und-messnetze.html#param=messnetz-manuell&station=BAM;https://www.meteosuisse.admin.ch/services-et-publications/applications/valeurs-mesurees-et-reseaux-de-mesure.html#param=messnetz-manuell&station=BAM;https://www.meteosvizzera.admin.ch/servizi-e-pubblicazioni/applicazioni/valori-attuali-e-reti-di-misura.html#param=messnetz-manuell&station=BAM;https://www.meteoswiss.admin.ch/services-and-publications/applications/measurement-values-and-measuring-networks.html#param=messnetz-manuell&station=BAM
BAS;Basel / Binningen;BL;0-20000-0-06601;Automatische Wetterstationen;Stations météorologiques automatiques;Stazioni meteorologiche automatiche;Automatic weather stations;MeteoSchweiz;01.01.1755;316;318;2610909;1265612;47.541142;7.583525;Anhöhe (30 - 100 m über Talsohle);Butte (30-100 m au-dessus du fond de vallée);Collina (30 - 100 m sopra il fondovalle);height (30-100 m above valley);https://www.meteoschweiz.admin.ch/service-und-publikationen/applikationen/messwerte-und-messnetze.html#param=messnetz-automatisch&station=BAS;https://www.meteosuisse.admin.ch/services-et-publications/applications/valeurs-mesurees-et-reseaux-de-mesure.html#param=messnetz-automatisch&station=BAS;https://www.meteosvizzera.admin.ch/servizi-e-pubblicazioni/applicazioni/valori-attuali-e-reti-di-misura.html#param=messnetz-automatisch&station=BAS;https://www.meteoswiss.admin.ch/services-and-publications/applications/measurement-values-and-measuring-networks.html#param=messnetz-automatisch&station=BAS
BAT;Balsthal;SO;0-756-0-BAT;Manuelle Niederschlagsstationen;Stations pluviométriques manuelles;Stazioni pluviometriche manuali;Manual precipitation stations;MeteoSchweiz;01.01.1901;523;;2621017;1241091;47.320356;7.716633;Nordwesthang;Versant nord-ouest;Versante nord-occidentale;north-western oriented slope;https://www.meteoschweiz.admin.ch/service-und-publikationen/applikationen/messwerte-und-messnetze.html#param=messnetz-manuell&station=BAT;https://www.meteosuisse.admin.ch/services-et-publications/applications/valeurs-mesurees-et-reseaux-de-mesure.html#param=messnetz-manuell&station=BAT;https://www.meteosvizzera.admin.ch/servizi-e-pubblicazioni/applicazioni/valori-attuali-e-reti-di-misura.html#param=messnetz-manuell&station=BAT;https://www.meteoswiss.admin.ch/services-and-publications/applications/measurement-values-and-measuring-networks.html#param=messnetz-manuell&station=BAT
BAU;Baulmes;VD;0-756-0-BAU;Manuelle Niederschlagsstationen;Stations pluviométriques manuelles;Stazioni pluviometriche manuali;Manual precipitation stations;MeteoSchweiz;01.01.1904;642;;2530056;1182444;46.789483;6.522578;Südosthang;Versant sud-est;Versante sud-orientale;south-eastern oriented slope;https://www.meteoschweiz.admin.ch/service-und-publikationen/applikationen/messwerte-und-messnetze.html#param=messnetz-manuell&station=BAU;https://www.meteosuisse.admin.ch/services-et-publications/applications/valeurs-mesurees-et-reseaux-de-mesure.html#param=messnetz-manuell&station=BAU;https://www.meteosvizzera.admin.ch/servizi-e-pubblicazioni/applicazioni/valori-attuali-e-reti-di-misura.html#param=messnetz-manuell&station=BAU;https://www.meteoswiss.admin.ch/services-and-publications/applications/measurement-values-and-measuring-networks.html#param=messnetz-manuell&station=BAU
BAW;Barmelweid;AG;0-756-0-BAW;Automatische Niederschlagsstationen;Stations pluviométriques automatiques;Stazioni pluviometriche automatiche;Automatic precipitation stations;MeteoSchweiz;01.01.1945;777;;2640058;1252430;47.421456;7.969492;Südhang;Versant sud;Versante meridionale;southern oriented slope;https://www.meteoschweiz.admin.ch/service-und-publikationen/applikationen/messwerte-und-messnetze.html#param=messnetz-automatisch&station=BAW;https://www.meteosuisse.admin.ch/services-et-publications/applications/valeurs-mesurees-et-reseaux-de-mesure.html#param=messnetz-automatisch&station=BAW;https://www.meteosvizzera.admin.ch/servizi-e-pubblicazioni/applicazioni/valori-attuali-e-reti-di-misura.html#param=messnetz-automatisch&station=BAW;https://www.meteoswiss.admin.ch/services-and-publications/applications/measurement-values-and-measuring-networks.html#param=messnetz-automatisch&station=BAW
BEP;Belp;BE;0-756-0-BEP;Automatische Niederschlagsstationen;Stations pluviométriques automatiques;Stazioni pluviometriche automatiche;Automatic precipitation stations;MeteoSchweiz;01.01.1901;510;;2605082;1195001;46.906094;7.505339;Ebene;Plaine;Pianura;plain;https://www.meteoschweiz.admin.ch/service-und-publikationen/applikationen/messwerte-und-messnetze.html#param=messnetz-automatisch&station=BEP;https://www.meteosuisse.admin.ch/services-et-publications/applications/valeurs-mesurees-et-reseaux-de-mesure.html#param=messnetz-automatisch&station=BEP;https://www.meteosvizzera.admin.ch/servizi-e-pubblicazioni/applicazioni/valori-attuali-e-reti-di-misura.html#param=messnetz-automatisch&station=BEP;https://www.meteoswiss.admin.ch/services-and-publications/applications/measurement-values-and-measuring-networks.html#param=messnetz-automatisch&station=BEP
BER;Bern / Zollikofen;BE;0-20000-0-06631;Automatische Wetterstationen;Stations météorologiques automatiques;Stazioni meteorologiche automatiche;Automatic weather stations;MeteoSchweiz;01.01.1864;553;554;2601934;1204410;46.990744;7.464061;Ebene;Plaine;Pianura;plain;https://www.meteoschweiz.admin.ch/service-und-publikationen/applikationen/messwerte-und-messnetze.html#param=messnetz-automatisch&station=BER;https://www.meteosuisse.admin.ch/services-et-publications/applications/valeurs-mesurees-et-reseaux-de-mesure.html#param=messnetz-automatisch&station=BER;https://www.meteosvizzera.admin.ch/servizi-e-pubblicazioni/applicazioni/valori-attuali-e-reti-di-misura.html#param=messnetz-automatisch&station=BER;https://www.meteoswiss.admin.ch/services-and-publications/applications/measurement-values-and-measuring-networks.html#param=messnetz-automatisch&station=BER
BEX;Bex;VD;0-756-0-BEX;Automatische Niederschlagsstationen;Stations pluviométriques automatiques;Stazioni pluviometriche automatiche;Automatic precipitation stations;MeteoSchweiz;01.01.1864;402;;2565805;1121511;46.244167;6.995286;Ebene;Plaine;Pianura;plain;https://www.meteoschweiz.admin.ch/service-und-publikationen/applikationen/messwerte-und-messnetze.html#param=messnetz-automatisch&station=BEX;https://www.meteosuisse.admin.ch/services-et-publications/applications/valeurs-mesurees-et-reseaux-de-mesure.html#param=messnetz-automatisch&station=BEX;https://www.meteosvizzera.admin.ch/servizi-e-pubblicazioni/applicazioni/valori-attuali-e-reti-di-misura.html#param=messnetz-automatisch&station=BEX;https://www.meteoswiss.admin.ch/services-and-publications/applications/measurement-values-and-measuring-networks.html#param=messnetz-automatisch&station=BEX
BEY;Bellelay;BE;0-756-0-BEY;Automatische Niederschlagsstationen;Stations pluviométriques automatiques;Stazioni pluviometriche automatiche;Automatic precipitation stations;MeteoSchweiz;01.10.1900;923;;2579603;1234881;47.264514;7.169133;Ebene;Plaine;Pianura;plain;https://www.meteoschweiz.admin.ch/service-und-publikationen/applikationen/messwerte-und-messnetze.html#param=messnetz-automatisch&station=BEY;https://www.meteosuisse.admin.ch/services-et-publications/applications/valeurs-mesurees-et-reseaux-de-mesure.html#param=messnetz-automatisch&station=BEY;https://www.meteosvizzera.admin.ch/servizi-e-pubblicazioni/applicazioni/valori-attuali-e-reti-di-misura.html#param=messnetz-automatisch&station=BEY;https://www.meteoswiss.admin.ch/services-and-publications/applications/measurement-values-and-measuring-networks.html#param=messnetz-automatisch&station=BEY
BEZ;Beznau;AG;0-20000-0-06646;Automatische Wetterstationen;Stations météorologiques automatiques;Stazioni meteorologiche automatiche;Automatic weather stations;MeteoSchweiz;01.01.1959;326;327;2659813;1267696;47.557256;8.233325;Ebene;Plaine;Pianura;plain;https://www.meteoschweiz.admin.ch/service-und-publikationen/applikationen/messwerte-und-messnetze.html#param=messnetz-automatisch&station=BEZ;https://www.meteosuisse.admin.ch/services-et-publications/applications/valeurs-mesurees-et-reseaux-de-mesure.html#param=messnetz-automatisch&station=BEZ;https://www.meteosvizzera.admin.ch/servizi-e-pubblicazioni/applicazioni/valori-attuali-e-reti-di-misura.html#param=messnetz-automatisch&station=BEZ;https://www.meteoswiss.admin.ch/services-and-publications/applications/measurement-values-and-measuring-networks.html#param=messnetz-automatisch&station=BEZ
BIA;Biasca;TI;0-756-0-BIA;Automatische Wetterstationen;Stations météorologiques automatiques;Stazioni meteorologiche automatiche;Automatic weather stations;MeteoSchweiz;01.01.1900;278;279;2718535;1132792;46.336053;8.978197;Ebene;Plaine;Pianura;plain;https://www.meteoschweiz.admin.ch/service-und-publikationen/applikationen/messwerte-und-messnetze.html#param=messnetz-automatisch&station=BIA;https://www.meteosuisse.admin.ch/services-et-publications/applications/valeurs-mesurees-et-reseaux-de-mesure.html#param=messnetz-automatisch&station=BIA;https://www.meteosvizzera.admin.ch/servizi-e-pubblicazioni/applicazioni/valori-attuali-e-reti-di-misura.html#param=messnetz-automatisch&station=BIA;https://www.meteoswiss.admin.ch/services-and-publications/applications/measurement-values-and-measuring-networks.html#param=messnetz-automatisch&station=BIA
BIE;Bière;VD;0-20000-0-06704;Automatische Wetterstationen;Stations météorologiques automatiques;Stazioni meteorologiche automatiche;Automatic weather stations;MeteoSchweiz;01.05.1974;684;684;2515887;1153211;46.524908;6.342386;Ebene;Plaine;Pianura;plain;https://www.meteoschweiz.admin.ch/service-und-publikationen/applikationen/messwerte-und-messnetze.html#param=messnetz-automatisch&station=BIE;https://www.meteosuisse.admin.ch/services-et-publications/applications/valeurs-mesurees-et-reseaux-de-mesure.html#param=messnetz-automatisch&station=BIE;https://www.meteosvizzera.admin.ch/servizi-e-pubblicazioni/applicazioni/valori-attuali-e-reti-di-misura.html#param=messnetz-automatisch&station=BIE;https://www.meteoswiss.admin.ch/services-and-publications/applications/measurement-values-and-measuring-networks.html#param=messnetz-automatisch&station=BIE
BIN;Binn;VS;0-20000-0-06721;Automatische Wetterstationen;Stations météorologiques automatiques;Stazioni meteorologiche automatiche;Automatic weather stations;MeteoSchweiz;01.08.1899;1479;;2657996;1135421;46.367661;8.192306;Tal;Vallée;Valle;valley;https://www.meteoschweiz.admin.ch/service-und-publikationen/applikationen/messwerte-und-messnetze.html#param=messnetz-automatisch&station=BIN;https://www.meteosuisse.admin.ch/services-et-publications/applications/valeurs-mesurees-et-reseaux-de-mesure.html#param=messnetz-automatisch&station=BIN;https://www.meteosvizzera.admin.ch/servizi-e-pubblicazioni/applicazioni/valori-attuali-e-reti-di-misura.html#param=messnetz-automatisch&station=BIN;https://www.meteoswiss.admin.ch/services-and-publications/applications/measurement-values-and-measuring-networks.html#param=messnetz-automatisch&station=BIN
BIO;Les Bioux;VD;0-756-0-BIO;Manuelle Niederschlagsstationen;Stations pluviométriques manuelles;Stazioni pluviometriche manuali;Manual precipitation stations;MeteoSchweiz;01.01.1959;1023;;2509917;1163443;46.616167;6.262583;Ebene;Plaine;Pianura;plain;https://www.meteoschweiz.admin.ch/service-und-publikationen/applikationen/messwerte-und-messnetze.html#param=messnetz-manuell&station=BIO;https://www.meteosuisse.admin.ch/services-et-publications/applications/valeurs-mesurees-et-reseaux-de-mesure.html#param=messnetz-manuell&station=BIO;https://www.meteosvizzera.admin.ch/servizi-e-pubblicazioni/applicazioni/valori-attuali-e-reti-di-misura.html#param=messnetz-manuell&station=BIO;https://www.meteoswiss.admin.ch/services-and-publications/applications/measurement-values-and-measuring-networks.html#param=messnetz-manuell&station=BIO
BIS;Bisisthal;SZ;0-756-0-BIS;Manuelle Niederschlagsstationen;Stations pluviométriques manuelles;Stazioni pluviometriche manuali;Manual precipitation stations;MeteoSchweiz;02.11.1964;856;;2705984;1200133;46.943819;8.830733;Tal;Vallée;Valle;valley;https://www.meteoschweiz.admin.ch/service-und-publikationen/applikationen/messwerte-und-messnetze.html#param=messnetz-manuell&station=BIS;https://www.meteosuisse.admin.ch/services-et-publications/applications/valeurs-mesurees-et-reseaux-de-mesure.html#param=messnetz-manuell&station=BIS;https://www.meteosvizzera.admin.ch/servizi-e-pubblicazioni/applicazioni/valori-attuali-e-reti-di-misura.html#param=messnetz-manuell&station=BIS;https://www.meteoswiss.admin.ch/services-and-publications/applications/measurement-values-and-measuring-networks.html#param=messnetz-manuell&station=BIS
BIV;Bivio;GR;0-20000-0-06774;Automatische Wetterstationen;Stations météorologiques automatiques;Stazioni meteorologiche automatiche;Automatic weather stations;MeteoSchweiz, SLF;01.01.1892;1856;;2771283;1148119;46.462494;9.668639;Südhang;Versant sud;Versante meridionale;southern oriented slope;https://www.meteoschweiz.admin.ch/service-und-publikationen/applikationen/messwerte-und-messnetze.html#param=messnetz-automatisch&station=BIV;https://www.meteosuisse.admin.ch/services-et-publications/applications/valeurs-mesurees-et-reseaux-de-mesure.html#param=messnetz-automatisch&station=BIV;https://www.meteosvizzera.admin.ch/servizi-e-pubblicazioni/applicazioni/valori-attuali-e-reti-di-misura.html#param=messnetz-automatisch&station=BIV;https://www.meteoswiss.admin.ch/services-and-publications/applications/measurement-values-and-measuring-networks.html#param=messnetz-automatisch&station=BIV
BIZ;Bischofszell / Sitterdorf;TG;0-20000-0-06678;Automatische Wetterstationen;Stations météorologiques automatiques;Stazioni meteorologiche automatiche;Automatic weather stations;MeteoSchweiz;01.01.1900;507;508;2737714;1263613;47.508828;9.266797;Ebene;Plaine;Pianura;plain;https://www.meteoschweiz.admin.ch/service-und-publikationen/applikationen/messwerte-und-messnetze.html#param=messnetz-automatisch&station=BIZ;https://www.meteosuisse.admin.ch/services-et-publications/applications/valeurs-mesurees-et-reseaux-de-mesure.html#param=messnetz-automatisch&station=BIZ;https://www.meteosvizzera.admin.ch/servizi-e-pubblicazioni/applicazioni/valori-attuali-e-reti-di-misura.html#param=messnetz-automatisch&station=BIZ;https://www.meteoswiss.admin.ch/services-and-publications/applications/measurement-values-and-measuring-networks.html#param=messnetz-automatisch&station=BIZ
BLA;Blatten, Lötschental;VS;0-20000-0-06725;Automatische Wetterstationen;Stations météorologiques automatiques;Stazioni meteorologiche automatiche;Automatic weather stations;MeteoSchweiz;01.01.1959;1538;1539;2629564;1141084;46.420453;7.823194;Tal;Vallée;Valle;valley;https://www.meteoschweiz.admin.ch/service-und-publikationen/applikationen/messwerte-und-messnetze.html#param=messnetz-automatisch&station=BLA;https://www.meteosuisse.admin.ch/services-et-publications/applications/valeurs-mesurees-et-reseaux-de-mesure.html#param=messnetz-automatisch&station=BLA;https://www.meteosvizzera.admin.ch/servizi-e-pubblicazioni/applicazioni/valori-attuali-e-reti-di-misura.html#param=messnetz-automatisch&station=BLA;https://www.meteoswiss.admin.ch/services-and-publications/applications/measurement-values-and-measuring-networks.html#param=messnetz-automatisch&station=BLA
BLS;Brülisau;AI;0-756-0-BLS;Manuelle Niederschlagsstationen;Stations pluviométriques manuelles;Stazioni pluviometriche manuali;Manual precipitation stations;MeteoSchweiz;01.10.1972;928;;2752885;1240107;47.294125;9.460075;Nordwesthang;Versant nord-ouest;Versante nord-occidentale;north-western oriented slope;https://www.meteoschweiz.admin.ch/service-und-publikationen/applikationen/messwerte-und-messnetze.html#param=messnetz-manuell&station=BLS;https://www.meteosuisse.admin.ch/services-et-publications/applications/valeurs-mesurees-et-reseaux-de-mesure.html#param=messnetz-manuell&station=BLS;https://www.meteosvizzera.admin.ch/servizi-e-pubblicazioni/applicazioni/valori-attuali-e-reti-di-misura.html#param=messnetz-manuell&station=BLS;https://www.meteoswiss.admin.ch/services-and-publications/applications/measurement-values-and-measuring-networks.html#param=messnetz-manuell&station=BLS
BLU;Blumenstein;BE;0-756-0-BLU;Manuelle Niederschlagsstationen;Stations pluviométriques manuelles;Stazioni pluviometriche manuali;Manual precipitation stations;MeteoSchweiz;01.11.1971;676;;2606154;1176288;46.737756;7.519153;Ebene;Plaine;Pianura;plain;https://www.meteoschweiz.admin.ch/service-und-publikationen/applikationen/messwerte-und-messnetze.html#param=messnetz-manuell&station=BLU;https://www.meteosuisse.admin.ch/services-et-publications/applications/valeurs-mesurees-et-reseaux-de-mesure.html#param=messnetz-manuell&station=BLU;https://www.meteosvizzera.admin.ch/servizi-e-pubblicazioni/applicazioni/valori-attuali-e-reti-di-misura.html#param=messnetz-manuell&station=BLU;https://www.meteoswiss.admin.ch/services-and-publications/applications/measurement-values-and-measuring-networks.html#param=messnetz-manuell&station=BLU
BLZ;Bellinzona;TI;0-756-0-BLZ;Automatische Niederschlagsstationen;Stations pluviométriques automatiques;Stazioni pluviometriche automatiche;Automatic precipitation stations;MeteoSchweiz;01.01.1864;224;;2720913;1116587;46.189886;9.004881;Ebene;Plaine;Pianura;plain;https://www.meteoschweiz.admin.ch/service-und-publikationen/applikationen/messwerte-und-messnetze.html#param=messnetz-automatisch&station=BLZ;https://www.meteosuisse.admin.ch/services-et-publications/applications/valeurs-mesurees-et-reseaux-de-mesure.html#param=messnetz-automatisch&station=BLZ;https://www.meteosvizzera.admin.ch/servizi-e-pubblicazioni/applicazioni/valori-attuali-e-reti-di-misura.html#param=messnetz-automatisch&station=BLZ;https://www.meteoswiss.admin.ch/services-and-publications/applications/measurement-values-and-measuring-networks.html#param=messnetz-automatisch&station=BLZ
BMU;Beromünster;LU;0-756-0-BMU;Manuelle Niederschlagsstationen;Stations pluviométriques manuelles;Stazioni pluviometriche manuali;Manual precipitation stations;MeteoSchweiz;01.01.1900;642;;2657201;1228760;47.207303;8.193642;Südhang;Versant sud;Versante meridionale;southern oriented slope;https://www.meteoschweiz.admin.ch/service-und-publikationen/applikationen/messwerte-und-messnetze.html#param=messnetz-manuell&station=BMU;https://www.meteosuisse.admin.ch/services-et-publications/applications/valeurs-mesurees-et-reseaux-de-mesure.html#param=messnetz-manuell&station=BMU;https://www.meteosvizzera.admin.ch/servizi-e-pubblicazioni/applicazioni/valori-attuali-e-reti-di-misura.html#param=messnetz-manuell&station=BMU;https://www.meteoswiss.admin.ch/services-and-publications/applications/measurement-values-and-measuring-networks.html#param=messnetz-manuell&station=BMU
BNE;Les Brenets;NE;0-756-0-BNE;Manuelle Niederschlagsstationen;Stations pluviométriques manuelles;Stazioni pluviometriche manuali;Manual precipitation stations;MeteoSchweiz;01.01.1900;908;;2544674;1213696;47.071964;6.710217;Westhang;Versant ouest;Versante occidentale;western oriented slope;https://www.meteoschweiz.admin.ch/service-und-publikationen/applikationen/messwerte-und-messnetze.html#param=messnetz-manuell&station=BNE;https://www.meteosuisse.admin.ch/services-et-publications/applications/valeurs-mesurees-et-reseaux-de-mesure.html#param=messnetz-manuell&station=BNE;https://www.meteosvizzera.admin.ch/servizi-e-pubblicazioni/applicazioni/valori-attuali-e-reti-di-misura.html#param=messnetz-manuell&station=BNE;https://www.meteoswiss.admin.ch/services-and-publications/applications/measurement-values-and-measuring-networks.html#param=messnetz-manuell&station=BNE
BNU;Braunau;TG;0-756-0-BNU;Manuelle Niederschlagsstationen;Stations pluviométriques manuelles;Stazioni pluviometriche manuali;Manual precipitation stations;MeteoSchweiz;01.06.1977;592;;2723116;1264787;47.522278;9.073392;Ebene;Plaine;Pianura;plain;https://www.meteoschweiz.admin.ch/service-und-publikationen/applikationen/messwerte-und-messnetze.html#param=messnetz-manuell&station=BNU;https://www.meteosuisse.admin.ch/services-et-publications/applications/valeurs-mesurees-et-reseaux-de-mesure.html#param=messnetz-manuell&station=BNU;https://www.meteosvizzera.admin.ch/servizi-e-pubblicazioni/applicazioni/valori-attuali-e-reti-di-misura.html#param=messnetz-manuell&station=BNU;https://www.meteoswiss.admin.ch/services-and-publications/applications/measurement-values-and-measuring-networks.html#param=messnetz-manuell&station=BNU
BOL;Boltigen;BE;0-20000-0-06733;Automatische Wetterstationen;Stations météorologiques automatiques;Stazioni meteorologiche automatiche;Automatic weather stations;MeteoSchweiz;01.01.1959;820;821;2595831;1163587;46.623519;7.384206;Ebene;Plaine;Pianura;plain;https://www.meteoschweiz.admin.ch/service-und-publikationen/applikationen/messwerte-und-messnetze.html#param=messnetz-automatisch&station=BOL;https://www.meteosuisse.admin.ch/services-et-publications/applications/valeurs-mesurees-et-reseaux-de-mesure.html#param=messnetz-automatisch&station=BOL;https://www.meteosvizzera.admin.ch/servizi-e-pubblicazioni/applicazioni/valori-attuali-e-reti-di-misura.html#param=messnetz-automatisch&station=BOL;https://www.meteoswiss.admin.ch/services-and-publications/applications/measurement-values-and-measuring-networks.html#param=messnetz-automatisch&station=BOL
BOS;Bosco/Gurin;TI;0-756-0-BOS;Automatische Niederschlagsstationen;Stations pluviométriques automatiques;Stazioni pluviometriche automatiche;Automatic precipitation stations;MeteoSchweiz, SLF;01.01.1959;1486;;2680880;1130029;46.316789;8.488719;Tal;Vallée;Valle;valley;https://www.meteoschweiz.admin.ch/service-und-publikationen/applikationen/messwerte-und-messnetze.html#param=messnetz-automatisch&station=BOS;https://www.meteosuisse.admin.ch/services-et-publications/applications/valeurs-mesurees-et-reseaux-de-mesure.html#param=messnetz-automatisch&station=BOS;https://www.meteosvizzera.admin.ch/servizi-e-pubblicazioni/applicazioni/valori-attuali-e-reti-di-misura.html#param=messnetz-automatisch&station=BOS;https://www.meteoswiss.admin.ch/services-and-publications/applications/measurement-values-and-measuring-networks.html#param=messnetz-automatisch&station=BOS
BOV;Boudevilliers;NE;0-756-0-BOV;Manuelle Niederschlagsstationen;Stations pluviométriques manuelles;Stazioni pluviometriche manuali;Manual precipitation stations;MeteoSchweiz;03.12.1966;750;;2558095;1208130;47.022892;6.887428;Ebene;Plaine;Pianura;plain;https://www.meteoschweiz.admin.ch/service-und-publikationen/applikationen/messwerte-und-messnetze.html#param=messnetz-manuell&station=BOV;https://www.meteosuisse.admin.ch/services-et-publications/applications/valeurs-mesurees-et-reseaux-de-mesure.html#param=messnetz-manuell&station=BOV;https://www.meteosvizzera.admin.ch/servizi-e-pubblicazioni/applicazioni/valori-attuali-e-reti-di-misura.html#param=messnetz-manuell&station=BOV;https://www.meteoswiss.admin.ch/services-and-publications/applications/measurement-values-and-measuring-networks.html#param=messnetz-manuell&station=BOV
BOZ;Orbe;VD;0-756-0-BOZ;Manuelle Niederschlagsstationen;Stations pluviométriques manuelles;Stazioni pluviometriche manuali;Manual precipitation stations;MeteoSchweiz;01.01.1939;438;;2531751;1176426;46.735528;6.545672;Ebene;Plaine;Pianura;plain;https://www.meteoschweiz.admin.ch/service-und-publikationen/applikationen/messwerte-und-messnetze.html#param=messnetz-manuell&station=BOZ;https://www.meteosuisse.admin.ch/services-et-publications/applications/valeurs-mesurees-et-reseaux-de-mesure.html#param=messnetz-manuell&station=BOZ;https://www.meteosvizzera.admin.ch/servizi-e-pubblicazioni/applicazioni/valori-attuali-e-reti-di-misura.html#param=messnetz-manuell&station=BOZ;https://www.meteoswiss.admin.ch/services-and-publications/applications/measurement-values-and-measuring-networks.html#param=messnetz-manuell&station=BOZ
BRA;Braggio;GR;0-756-0-BRA;Manuelle Niederschlagsstationen;Stations pluviométriques manuelles;Stazioni pluviometriche manuali;Manual precipitation stations;MeteoSchweiz;01.01.1901;1312;;2729968;1128611;46.296339;9.125475;Westhang;Versant ouest;Versante occidentale;western oriented slope;https://www.meteoschweiz.admin.ch/service-und-publikationen/applikationen/messwerte-und-messnetze.html#param=messnetz-manuell&station=BRA;https://www.meteosuisse.admin.ch/services-et-publications/applications/valeurs-mesurees-et-reseaux-de-mesure.html#param=messnetz-manuell&station=BRA;https://www.meteosvizzera.admin.ch/servizi-e-pubblicazioni/applicazioni/valori-attuali-e-reti-di-misura.html#param=messnetz-manuell&station=BRA;https://www.meteoswiss.admin.ch/services-and-publications/applications/measurement-values-and-measuring-networks.html#param=messnetz-manuell&station=BRA
BRI;Brig;VS;0-756-0-BRI;Automatische Niederschlagsstationen;Stations pluviométriques automatiques;Stazioni pluviometriche automatiche;Automatic precipitation stations;MeteoSchweiz;01.01.1895;665;;2640567;1129069;46.311794;7.965264;Ebene;Plaine;Pianura;plain;https://www.meteoschweiz.admin.ch/service-und-publikationen/applikationen/messwerte-und-messnetze.html#param=messnetz-automatisch&station=BRI;https://www.meteosuisse.admin.ch/services-et-publications/applications/valeurs-mesurees-et-reseaux-de-mesure.html#param=messnetz-automatisch&station=BRI;https://www.meteosvizzera.admin.ch/servizi-e-pubblicazioni/applicazioni/valori-attuali-e-reti-di-misura.html#param=messnetz-automatisch&station=BRI;https://www.meteoswiss.admin.ch/services-and-publications/applications/measurement-values-and-measuring-networks.html#param=messnetz-automatisch&station=BRI
BRL;La Brévine;NE;0-20000-0-06617;Automatische Wetterstationen;Stations météorologiques automatiques;Stazioni meteorologiche automatiche;Automatic weather stations;MeteoSchweiz;01.01.1901;1050;1051;2536981;1203975;46.983844;6.610297;Ebene;Plaine;Pianura;plain;https://www.meteoschweiz.admin.ch/service-und-publikationen/applikationen/messwerte-und-messnetze.html#param=messnetz-automatisch&station=BRL;https://www.meteosuisse.admin.ch/services-et-publications/applications/valeurs-mesurees-et-reseaux-de-mesure.html#param=messnetz-automatisch&station=BRL;https://www.meteosvizzera.admin.ch/servizi-e-pubblicazioni/applicazioni/valori-attuali-e-reti-di-misura.html#param=messnetz-automatisch&station=BRL;https://www.meteoswiss.admin.ch/services-and-publications/applications/measurement-values-and-measuring-networks.html#param=messnetz-automatisch&station=BRL
BRO;Broc;FR;0-756-0-BRO;Manuelle Niederschlagsstationen;Stations pluviométriques manuelles;Stazioni pluviometriche manuali;Manual precipitation stations;MeteoSchweiz;02.12.1968;682;;2574682;1162098;46.609658;7.108153;Ebene;Plaine;Pianura;plain;https://www.meteoschweiz.admin.ch/service-und-publikationen/applikationen/messwerte-und-messnetze.html#param=messnetz-manuell&station=BRO;https://www.meteosuisse.admin.ch/services-et-publications/applications/valeurs-mesurees-et-reseaux-de-mesure.html#param=messnetz-manuell&station=BRO;https://www.meteosvizzera.admin.ch/servizi-e-pubblicazioni/applicazioni/valori-attuali-e-reti-di-misura.html#param=messnetz-manuell&station=BRO;https://www.meteoswiss.admin.ch/services-and-publications/applications/measurement-values-and-measuring-networks.html#param=messnetz-manuell&station=BRO
BRP;Brusio;GR;0-756-0-BRP;Automatische Niederschlagsstationen;Stations pluviométriques automatiques;Stazioni pluviometriche automatiche;Automatic precipitation stations;MeteoSchweiz;01.02.1864;856;;2806479;1127184;46.264358;10.117231;Südwesthang;Versant sud-ouest;Versante sud-occidentale;south-western oriented slope;https://www.meteoschweiz.admin.ch/service-und-publikationen/applikationen/messwerte-und-messnetze.html#param=messnetz-automatisch&station=BRP;https://www.meteosuisse.admin.ch/services-et-publications/applications/valeurs-mesurees-et-reseaux-de-mesure.html#param=messnetz-automatisch&station=BRP;https://www.meteosvizzera.admin.ch/servizi-e-pubblicazioni/applicazioni/valori-attuali-e-reti-di-misura.html#param=messnetz-automatisch&station=BRP;https://www.meteoswiss.admin.ch/services-and-publications/applications/measurement-values-and-measuring-networks.html#param=messnetz-automatisch&station=BRP
BRT;Bristen;UR;0-756-0-BRT;Automatische Niederschlagsstationen;Stations pluviométriques automatiques;Stazioni pluviometriche automatiche;Automatic precipitation stations;MeteoSchweiz;01.01.1961;784;;2696224;1180373;46.767578;8.698389;Tal;Vallée;Valle;valley;https://www.meteoschweiz.admin.ch/service-und-publikationen/applikationen/messwerte-und-messnetze.html#param=messnetz-automatisch&station=BRT;https://www.meteosuisse.admin.ch/services-et-publications/applications/valeurs-mesurees-et-reseaux-de-mesure.html#param=messnetz-automatisch&station=BRT;https://www.meteosvizzera.admin.ch/servizi-e-pubblicazioni/applicazioni/valori-attuali-e-reti-di-misura.html#param=messnetz-automatisch&station=BRT;https://www.meteoswiss.admin.ch/services-and-publications/applications/measurement-values-and-measuring-networks.html#param=messnetz-automatisch&station=BRT
BRW;Braunwald;GL;0-756-0-BRW;Automatische Niederschlagsstationen;Stations pluviométriques automatiques;Stazioni pluviometriche automatiche;Automatic precipitation stations;MeteoSchweiz;08.10.1918;1299;;2717943;1199651;46.937469;8.98765;Südhang;Versant sud;Versante meridionale;southern oriented slope;https://www.meteoschweiz.admin.ch/service-und-publikationen/applikationen/messwerte-und-messnetze.html#param=messnetz-automatisch&station=BRW;https://www.meteosuisse.admin.ch/services-et-publications/applications/valeurs-mesurees-et-reseaux-de-mesure.html#param=messnetz-automatisch&station=BRW;https://www.meteosvizzera.admin.ch/servizi-e-pubblicazioni/applicazioni/valori-attuali-e-reti-di-misura.html#param=messnetz-automatisch&station=BRW;https://www.meteoswiss.admin.ch/services-and-publications/applications/measurement-values-and-measuring-networks.html#param=messnetz-automatisch&station=BRW
BRZ;Brienz;BE;0-20000-0-06656;Automatische Wetterstationen;Stations météorologiques automatiques;Stazioni meteorologiche automatiche;Automatic weather stations;MeteoSchweiz;01.01.1901;567;568;2647553;1176803;46.740719;8.060864;Ebene;Plaine;Pianura;plain;https://www.meteoschweiz.admin.ch/service-und-publikationen/applikationen/messwerte-und-messnetze.html#param=messnetz-automatisch&station=BRZ;https://www.meteosuisse.admin.ch/services-et-publications/applications/valeurs-mesurees-et-reseaux-de-mesure.html#param=messnetz-automatisch&station=BRZ;https://www.meteosvizzera.admin.ch/servizi-e-pubblicazioni/applicazioni/valori-attuali-e-reti-di-misura.html#param=messnetz-automatisch&station=BRZ;https://www.meteoswiss.admin.ch/services-and-publications/applications/measurement-values-and-measuring-networks.html#param=messnetz-automatisch&station=BRZ
BSG;Brissago;TI;0-756-0-BSG;Manuelle Niederschlagsstationen;Stations pluviométriques manuelles;Stazioni pluviometriche manuali;Manual precipitation stations;MeteoSchweiz;01.01.1901;280;;2698200;1108389;46.119844;8.709003;Südosthang;Versant sud-est;Versante sud-orientale;south-eastern oriented slope;https://www.meteoschweiz.admin.ch/service-und-publikationen/applikationen/messwerte-und-messnetze.html#param=messnetz-manuell&station=BSG;https://www.meteosuisse.admin.ch/services-et-publications/applications/valeurs-mesurees-et-reseaux-de-mesure.html#param=messnetz-manuell&station=BSG;https://www.meteosvizzera.admin.ch/servizi-e-pubblicazioni/applicazioni/valori-attuali-e-reti-di-misura.html#param=messnetz-manuell&station=BSG;https://www.meteoswiss.admin.ch/services-and-publications/applications/measurement-values-and-measuring-networks.html#param=messnetz-manuell&station=BSG
BSP;Bourg-St-Pierre;VS;0-756-0-BSP;Manuelle Niederschlagsstationen;Stations pluviométriques manuelles;Stazioni pluviometriche manuali;Manual precipitation stations;MeteoSchweiz;01.01.1900;1668;;2582152;1088263;45.945717;7.208494;Westhang;Versant ouest;Versante occidentale;western oriented slope;https://www.meteoschweiz.admin.ch/service-und-publikationen/applikationen/messwerte-und-messnetze.html#param=messnetz-manuell&station=BSP;https://www.meteosuisse.admin.ch/services-et-publications/applications/valeurs-mesurees-et-reseaux-de-mesure.html#param=messnetz-manuell&station=BSP;https://www.meteosvizzera.admin.ch/servizi-e-pubblicazioni/applicazioni/valori-attuali-e-reti-di-misura.html#param=messnetz-manuell&station=BSP;https://www.meteoswiss.admin.ch/services-and-publications/applications/measurement-values-and-measuring-networks.html#param=messnetz-manuell&station=BSP
BUC;Buch, SH;SH;0-756-0-BUC;Manuelle Niederschlagsstationen;Stations pluviométriques manuelles;Stazioni pluviometriche manuali;Manual precipitation stations;MeteoSchweiz;01.01.1900;414;;2700945;1286039;47.717161;8.783897;Ebene;Plaine;Pianura;plain;https://www.meteoschweiz.admin.ch/service-und-publikationen/applikationen/messwerte-und-messnetze.html#param=messnetz-manuell&station=BUC;https://www.meteosuisse.admin.ch/services-et-publications/applications/valeurs-mesurees-et-reseaux-de-mesure.html#param=messnetz-manuell&station=BUC;https://www.meteosvizzera.admin.ch/servizi-e-pubblicazioni/applicazioni/valori-attuali-e-reti-di-misura.html#param=messnetz-manuell&station=BUC;https://www.meteoswiss.admin.ch/services-and-publications/applications/measurement-values-and-measuring-networks.html#param=messnetz-manuell&station=BUC
BUD;Burgdorf;BE;0-756-0-BUD;Manuelle Niederschlagsstationen;Stations pluviométriques manuelles;Stazioni pluviometriche manuali;Manual precipitation stations;MeteoSchweiz;01.01.1901;533;;2612210;1211752;47.056678;7.599344;Ebene;Plaine;Pianura;plain;https://www.meteoschweiz.admin.ch/service-und-publikationen/applikationen/messwerte-und-messnetze.html#param=messnetz-manuell&station=BUD;https://www.meteosuisse.admin.ch/services-et-publications/applications/valeurs-mesurees-et-reseaux-de-mesure.html#param=messnetz-manuell&station=BUD;https://www.meteosvizzera.admin.ch/servizi-e-pubblicazioni/applicazioni/valori-attuali-e-reti-di-misura.html#param=messnetz-manuell&station=BUD;https://www.meteoswiss.admin.ch/services-and-publications/applications/measurement-values-and-measuring-networks.html#param=messnetz-manuell&station=BUD
BUE;Bülach;ZH;0-756-0-BUE;Automatische Niederschlagsstationen;Stations pluviométriques automatiques;Stazioni pluviometriche automatiche;Automatic precipitation stations;MeteoSchweiz;01.01.1900;403;;2682029;1263775;47.519594;8.527731;Ebene;Plaine;Pianura;plain;https://www.meteoschweiz.admin.ch/service-und-publikationen/applikationen/messwerte-und-messnetze.html#param=messnetz-automatisch&station=BUE;https://www.meteosuisse.admin.ch/services-et-publications/applications/valeurs-mesurees-et-reseaux-de-mesure.html#param=messnetz-automatisch&station=BUE;https://www.meteosvizzera.admin.ch/servizi-e-pubblicazioni/applicazioni/valori-attuali-e-reti-di-misura.html#param=messnetz-automatisch&station=BUE;https://www.meteoswiss.admin.ch/services-and-publications/applications/measurement-values-and-measuring-networks.html#param=messnetz-automatisch&station=BUE
BUF;Buffalora;GR;0-20000-0-06778;Automatische Wetterstationen;Stations météorologiques automatiques;Stazioni meteorologiche automatiche;Automatic weather stations;MeteoSchweiz;01.01.1917;1971;1970;2816494;1170255;46.648408;10.2672;Ebene;Plaine;Pianura;plain;https://www.meteoschweiz.admin.ch/service-und-publikationen/applikationen/messwerte-und-messnetze.html#param=messnetz-automatisch&station=BUF;https://www.meteosuisse.admin.ch/services-et-publications/applications/valeurs-mesurees-et-reseaux-de-mesure.html#param=messnetz-automatisch&station=BUF;https://www.meteosvizzera.admin.ch/servizi-e-pubblicazioni/applicazioni/valori-attuali-e-reti-di-misura.html#param=messnetz-automatisch&station=BUF;https://www.meteoswiss.admin.ch/services-and-publications/applications/measurement-values-and-measuring-networks.html#param=messnetz-automatisch&station=BUF
BUS;Buchs / Aarau;AG;0-20000-0-06633;Automatische Wetterstationen;Stations météorologiques automatiques;Stazioni meteorologiche automatiche;Automatic weather stations;MeteoSchweiz;01.01.1959;387;388;2648396;1248370;47.384381;8.07955;Ebene;Plaine;Pianura;plain;https://www.meteoschweiz.admin.ch/service-und-publikationen/applikationen/messwerte-und-messnetze.html#param=messnetz-automatisch&station=BUS;https://www.meteosuisse.admin.ch/services-et-publications/applications/valeurs-mesurees-et-reseaux-de-mesure.html#param=messnetz-automatisch&station=BUS;https://www.meteosvizzera.admin.ch/servizi-e-pubblicazioni/applicazioni/valori-attuali-e-reti-di-misura.html#param=messnetz-automatisch&station=BUS;https://www.meteoswiss.admin.ch/services-and-publications/applications/measurement-values-and-measuring-networks.html#param=messnetz-automatisch&station=BUS
CAC;Campocologno;GR;0-756-0-CAC;Manuelle Niederschlagsstationen;Stations pluviométriques manuelles;Stazioni pluviometriche manuali;Manual precipitation stations;MeteoSchweiz;01.01.1961;577;;2807970;1124286;46.237844;10.135264;Ebene;Plaine;Pianura;plain;https://www.meteoschweiz.admin.ch/service-und-publikationen/applikationen/messwerte-und-messnetze.html#param=messnetz-manuell&station=CAC;https://www.meteosuisse.admin.ch/services-et-publications/applications/valeurs-mesurees-et-reseaux-de-mesure.html#param=messnetz-manuell&station=CAC;https://www.meteosvizzera.admin.ch/servizi-e-pubblicazioni/applicazioni/valori-attuali-e-reti-di-misura.html#param=messnetz-manuell&station=CAC;https://www.meteoswiss.admin.ch/services-and-publications/applications/measurement-values-and-measuring-networks.html#param=messnetz-manuell&station=CAC
CAV;Cavaglia;GR;0-756-0-CAV;Manuelle Niederschlagsstationen;Stations pluviométriques manuelles;Stazioni pluviometriche manuali;Manual precipitation stations;MeteoSchweiz;01.01.1961;1707;;2799866;1138475;46.367869;10.036367;Ebene;Plaine;Pianura;plain;https://www.meteoschweiz.admin.ch/service-und-publikationen/applikationen/messwerte-und-messnetze.html#param=messnetz-manuell&station=CAV;https://www.meteosuisse.admin.ch/services-et-publications/applications/valeurs-mesurees-et-reseaux-de-mesure.html#param=messnetz-manuell&station=CAV;https://www.meteosvizzera.admin.ch/servizi-e-pubblicazioni/applicazioni/valori-attuali-e-reti-di-misura.html#param=messnetz-manuell&station=CAV;https://www.meteoswiss.admin.ch/services-and-publications/applications/measurement-values-and-measuring-networks.html#param=messnetz-manuell&station=CAV
CDF;La Chaux-de-Fonds;NE;0-20000-0-06612;Automatische Wetterstationen;Stations météorologiques automatiques;Stazioni meteorologiche automatiche;Automatic weather stations;MeteoSchweiz;01.01.1900;1017;1018;2550919;1214862;47.082947;6.792314;Muldenlage;Dépression;Depressione;basin;https://www.meteoschweiz.admin.ch/service-und-publikationen/applikationen/messwerte-und-messnetze.html#param=messnetz-automatisch&station=CDF;https://www.meteosuisse.admin.ch/services-et-publications/applications/valeurs-mesurees-et-reseaux-de-mesure.html#param=messnetz-automatisch&station=CDF;https://www.meteosvizzera.admin.ch/servizi-e-pubblicazioni/applicazioni/valori-attuali-e-reti-di-misura.html#param=messnetz-automatisch&station=CDF;https://www.meteoswiss.admin.ch/services-and-publications/applications/measurement-values-and-measuring-networks.html#param=messnetz-automatisch&station=CDF
CDM;Col des Mosses;VD;0-20000-0-06713;Automatische Wetterstationen;Stations météorologiques automatiques;Stazioni meteorologiche automatiche;Automatic weather stations;MeteoSchweiz;01.01.1972;1412;;2573817;1137853;46.391525;7.098239;Passlage;Col;Passo;pass;https://www.meteoschweiz.admin.ch/service-und-publikationen/applikationen/messwerte-und-messnetze.html#param=messnetz-automatisch&station=CDM;https://www.meteosuisse.admin.ch/services-et-publications/applications/valeurs-mesurees-et-reseaux-de-mesure.html#param=messnetz-automatisch&station=CDM;https://www.meteosvizzera.admin.ch/servizi-e-pubblicazioni/applicazioni/valori-attuali-e-reti-di-misura.html#param=messnetz-automatisch&station=CDM;https://www.meteoswiss.admin.ch/services-and-publications/applications/measurement-values-and-measuring-networks.html#param=messnetz-automatisch&station=CDM
CEV;Cevio;TI;0-20000-0-06752;Automatische Wetterstationen;Stations météorologiques automatiques;Stazioni meteorologiche automatiche;Automatic weather stations;MeteoSchweiz;01.01.1900;417;422;2689688;1130564;46.320486;8.603161;Tal;Vallée;Valle;valley;https://www.meteoschweiz.admin.ch/service-und-publikationen/applikationen/messwerte-und-messnetze.html#param=messnetz-automatisch&station=CEV;https://www.meteosuisse.admin.ch/services-et-publications/applications/valeurs-mesurees-et-reseaux-de-mesure.html#param=messnetz-automatisch&station=CEV;https://www.meteosvizzera.admin.ch/servizi-e-pubblicazioni/applicazioni/valori-attuali-e-reti-di-misura.html#param=messnetz-automatisch&station=CEV;https://www.meteoswiss.admin.ch/services-and-publications/applications/measurement-values-and-measuring-networks.html#param=messnetz-automatisch&station=CEV
CGI;Nyon / Changins;VD;0-20000-0-06705;Automatische Wetterstationen;Stations météorologiques automatiques;Stazioni meteorologiche automatiche;Automatic weather stations;MeteoSchweiz;01.01.1959;458;460;2506878;1139574;46.401053;6.227722;Anhöhe (30 - 100 m über Talsohle);Butte (30-100 m au-dessus du fond de vallée);Collina (30 - 100 m sopra il fondovalle);height (30-100 m above valley);https://www.meteoschweiz.admin.ch/service-und-publikationen/applikationen/messwerte-und-messnetze.html#param=messnetz-automatisch&station=CGI;https://www.meteosuisse.admin.ch/services-et-publications/applications/valeurs-mesurees-et-reseaux-de-mesure.html#param=messnetz-automatisch&station=CGI;https://www.meteosvizzera.admin.ch/servizi-e-pubblicazioni/applicazioni/valori-attuali-e-reti-di-misura.html#param=messnetz-automatisch&station=CGI;https://www.meteoswiss.admin.ch/services-and-publications/applications/measurement-values-and-measuring-networks.html#param=messnetz-automatisch&station=CGI
CHA;Chasseral;BE;0-20000-0-06605;Automatische Wetterstationen;Stations météorologiques automatiques;Stazioni meteorologiche automatiche;Automatic weather stations;MeteoSchweiz;31.12.1980;1594;1596;2570845;1220158;47.131761;7.054367;Gipfellage;Sommet;Vetta;crest;https://www.meteoschweiz.admin.ch/service-und-publikationen/applikationen/messwerte-und-messnetze.html#param=messnetz-automatisch&station=CHA;https://www.meteosuisse.admin.ch/services-et-publications/applications/valeurs-mesurees-et-reseaux-de-mesure.html#param=messnetz-automatisch&station=CHA;https://www.meteosvizzera.admin.ch/servizi-e-pubblicazioni/applicazioni/valori-attuali-e-reti-di-misura.html#param=messnetz-automatisch&station=CHA;https://www.meteoswiss.admin.ch/services-and-publications/applications/measurement-values-and-measuring-networks.html#param=messnetz-automatisch&station=CHA
CHB;Les Charbonnières;VD;0-20000-0-06703;Automatische Wetterstationen;Stations météorologiques automatiques;Stazioni meteorologiche automatiche;Automatic weather stations;MeteoSchweiz;01.01.1959;1045;1046;2513821;1169388;46.67015;6.312428;Südhang;Versant sud;Versante meridionale;southern oriented slope;https://www.meteoschweiz.admin.ch/service-und-publikationen/applikationen/messwerte-und-messnetze.html#param=messnetz-automatisch&station=CHB;https://www.meteosuisse.admin.ch/services-et-publications/applications/valeurs-mesurees-et-reseaux-de-mesure.html#param=messnetz-automatisch&station=CHB;https://www.meteosvizzera.admin.ch/servizi-e-pubblicazioni/applicazioni/valori-attuali-e-reti-di-misura.html#param=messnetz-automatisch&station=CHB;https://www.meteoswiss.admin.ch/services-and-publications/applications/measurement-values-and-measuring-networks.html#param=messnetz-automatisch&station=CHB
CHD;Château-d'Oex;VD;0-20000-0-06627;Automatische Wetterstationen;Stations météorologiques automatiques;Stazioni meteorologiche automatiche;Automatic weather stations;MeteoSchweiz;01.01.1879;1028;1029;2577040;1147655;46.479819;7.139656;Südhang;Versant sud;Versante meridionale;southern oriented slope;https://www.meteoschweiz.admin.ch/service-und-publikationen/applikationen/messwerte-und-messnetze.html#param=messnetz-automatisch&station=CHD;https://www.meteosuisse.admin.ch/services-et-publications/applications/valeurs-mesurees-et-reseaux-de-mesure.html#param=messnetz-automatisch&station=CHD;https://www.meteosvizzera.admin.ch/servizi-e-pubblicazioni/applicazioni/valori-attuali-e-reti-di-misura.html#param=messnetz-automatisch&station=CHD;https://www.meteoswiss.admin.ch/services-and-publications/applications/measurement-values-and-measuring-networks.html#param=messnetz-automatisch&station=CHD
CHM;Chaumont;NE;0-20000-0-06608;Automatische Wetterstationen;Stations météorologiques automatiques;Stazioni meteorologiche automatiche;Automatic weather stations;MeteoSchweiz;01.01.1864;1136;1137;2565060;1211007;47.049169;6.978825;Anhöhe (30 - 100 m über Talsohle);Butte (30-100 m au-dessus du fond de vallée);Collina (30 - 100 m sopra il fondovalle);height (30-100 m above valley);https://www.meteoschweiz.admin.ch/service-und-publikationen/applikationen/messwerte-und-messnetze.html#param=messnetz-automatisch&station=CHM;https://www.meteosuisse.admin.ch/services-et-publications/applications/valeurs-mesurees-et-reseaux-de-mesure.html#param=messnetz-automatisch&station=CHM;https://www.meteosvizzera.admin.ch/servizi-e-pubblicazioni/applicazioni/valori-attuali-e-reti-di-misura.html#param=messnetz-automatisch&station=CHM;https://www.meteoswiss.admin.ch/services-and-publications/applications/measurement-values-and-measuring-networks.html#param=messnetz-automatisch&station=CHM
CHU;Chur;GR;0-20000-0-06786;Automatische Wetterstationen;Stations météorologiques automatiques;Stazioni meteorologiche automatiche;Automatic weather stations;MeteoSchweiz;01.01.1887;556;557;2759485;1193176;46.870572;9.530761;Ebene;Plaine;Pianura;plain;https://www.meteoschweiz.admin.ch/service-und-publikationen/applikationen/messwerte-und-messnetze.html#param=messnetz-automatisch&station=CHU;https://www.meteosuisse.admin.ch/services-et-publications/applications/valeurs-mesurees-et-reseaux-de-mesure.html#param=messnetz-automatisch&station=CHU;https://www.meteosvizzera.admin.ch/servizi-e-pubblicazioni/applicazioni/valori-attuali-e-reti-di-misura.html#param=messnetz-automatisch&station=CHU;https://www.meteoswiss.admin.ch/services-and-publications/applications/measurement-values-and-measuring-networks.html#param=messnetz-automatisch&station=CHU
CHY;Chavornay;VD;0-756-0-CHY;Manuelle Niederschlagsstationen;Stations pluviométriques manuelles;Stazioni pluviometriche manuali;Manual precipitation stations;MeteoSchweiz;01.01.1961;439;;2531887;1172742;46.702406;6.547997;Ebene;Plaine;Pianura;plain;https://www.meteoschweiz.admin.ch/service-und-publikationen/applikationen/messwerte-und-messnetze.html#param=messnetz-manuell&station=CHY;https://www.meteosuisse.admin.ch/services-et-publications/applications/valeurs-mesurees-et-reseaux-de-mesure.html#param=messnetz-manuell&station=CHY;https://www.meteosvizzera.admin.ch/servizi-e-pubblicazioni/applicazioni/valori-attuali-e-reti-di-misura.html#param=messnetz-manuell&station=CHY;https://www.meteoswiss.admin.ch/services-and-publications/applications/measurement-values-and-measuring-networks.html#param=messnetz-manuell&station=CHY
CHZ;Cham;ZG;0-20000-0-06674;Automatische Wetterstationen;Stations météorologiques automatiques;Stazioni meteorologiche automatiche;Automatic weather stations;MeteoSchweiz;01.01.1961;443;443;2677759;1226878;47.188278;8.464642;Anhöhe (30 - 100 m über Talsohle);Butte (30-100 m au-dessus du fond de vallée);Collina (30 - 100 m sopra il fondovalle);height (30-100 m above valley);https://www.meteoschweiz.admin.ch/service-und-publikationen/applikationen/messwerte-und-messnetze.html#param=messnetz-automatisch&station=CHZ;https://www.meteosuisse.admin.ch/services-et-publications/applications/valeurs-mesurees-et-reseaux-de-mesure.html#param=messnetz-automatisch&station=CHZ;https://www.meteosvizzera.admin.ch/servizi-e-pubblicazioni/applicazioni/valori-attuali-e-reti-di-misura.html#param=messnetz-automatisch&station=CHZ;https://www.meteoswiss.admin.ch/services-and-publications/applications/measurement-values-and-measuring-networks.html#param=messnetz-automatisch&station=CHZ
CIM;Cimetta;TI;0-20000-0-06759;Automatische Wetterstationen;Stations météorologiques automatiques;Stazioni meteorologiche automatiche;Automatic weather stations;MeteoSchweiz;13.10.1981;1661;1662;2704434;1117457;46.200467;8.79165;Gipfellage;Sommet;Vetta;crest;https://www.meteoschweiz.admin.ch/service-und-publikationen/applikationen/messwerte-und-messnetze.html#param=messnetz-automatisch&station=CIM;https://www.meteosuisse.admin.ch/services-et-publications/applications/valeurs-mesurees-et-reseaux-de-mesure.html#param=messnetz-automatisch&station=CIM;https://www.meteosvizzera.admin.ch/servizi-e-pubblicazioni/applicazioni/valori-attuali-e-reti-di-misura.html#param=messnetz-automatisch&station=CIM;https://www.meteoswiss.admin.ch/services-and-publications/applications/measurement-values-and-measuring-networks.html#param=messnetz-automatisch&station=CIM
CMD;Camedo;TI;0-756-0-CMD;Manuelle Niederschlagsstationen;Stations pluviométriques manuelles;Stazioni pluviometriche manuali;Manual precipitation stations;MeteoSchweiz;01.01.1901;590;;2690296;1112206;46.155281;8.607503;Südhang;Versant sud;Versante meridionale;southern oriented slope;https://www.meteoschweiz.admin.ch/service-und-publikationen/applikationen/messwerte-und-messnetze.html#param=messnetz-manuell&station=CMD;https://www.meteosuisse.admin.ch/services-et-publications/applications/valeurs-mesurees-et-reseaux-de-mesure.html#param=messnetz-manuell&station=CMD;https://www.meteosvizzera.admin.ch/servizi-e-pubblicazioni/applicazioni/valori-attuali-e-reti-di-misura.html#param=messnetz-manuell&station=CMD;https://www.meteoswiss.admin.ch/services-and-publications/applications/measurement-values-and-measuring-networks.html#param=messnetz-manuell&station=CMD
CNZ;Chanéaz;VD;0-756-0-CNZ;Manuelle Niederschlagsstationen;Stations pluviométriques manuelles;Stazioni pluviometriche manuali;Manual precipitation stations;MeteoSchweiz;01.11.1971;765;;2546983;1175753;46.730867;6.745033;Nordwesthang;Versant nord-ouest;Versante nord-occidentale;north-western oriented slope;https://www.meteoschweiz.admin.ch/service-und-publikationen/applikationen/messwerte-und-messnetze.html#param=messnetz-manuell&station=CNZ;https://www.meteosuisse.admin.ch/services-et-publications/applications/valeurs-mesurees-et-reseaux-de-mesure.html#param=messnetz-manuell&station=CNZ;https://www.meteosvizzera.admin.ch/servizi-e-pubblicazioni/applicazioni/valori-attuali-e-reti-di-misura.html#param=messnetz-manuell&station=CNZ;https://www.meteoswiss.admin.ch/services-and-publications/applications/measurement-values-and-measuring-networks.html#param=messnetz-manuell&station=CNZ
COG;Combe-Garot;NE;0-756-0-COG;Manuelle Niederschlagsstationen;Stations pluviométriques manuelles;Stazioni pluviometriche manuali;Manual precipitation stations;MeteoSchweiz;01.01.1946;530;;2551203;1201471;46.962519;6.797489;Tal;Vallée;Valle;valley;https://www.meteoschweiz.admin.ch/service-und-publikationen/applikationen/messwerte-und-messnetze.html#param=messnetz-manuell&station=COG;https://www.meteosuisse.admin.ch/services-et-publications/applications/valeurs-mesurees-et-reseaux-de-mesure.html#param=messnetz-manuell&station=COG;https://www.meteosvizzera.admin.ch/servizi-e-pubblicazioni/applicazioni/valori-attuali-e-reti-di-misura.html#param=messnetz-manuell&station=COG;https://www.meteoswiss.admin.ch/services-and-publications/applications/measurement-values-and-measuring-networks.html#param=messnetz-manuell&station=COG
COL;Coldrerio;TI;0-756-0-COL;Automatische Niederschlagsstationen;Stations pluviométriques automatiques;Stazioni pluviometriche automatiche;Automatic precipitation stations;MeteoSchweiz;01.01.1918;347;;2721080;1079234;45.853914;8.997431;Südosthang;Versant sud-est;Versante sud-orientale;south-eastern oriented slope;https://www.meteoschweiz.admin.ch/service-und-publikationen/applikationen/messwerte-und-messnetze.html#param=messnetz-automatisch&station=COL;https://www.meteosuisse.admin.ch/services-et-publications/applications/valeurs-mesurees-et-reseaux-de-mesure.html#param=messnetz-automatisch&station=COL;https://www.meteosvizzera.admin.ch/servizi-e-pubblicazioni/applicazioni/valori-attuali-e-reti-di-misura.html#param=messnetz-automatisch&station=COL;https://www.meteoswiss.admin.ch/services-and-publications/applications/measurement-values-and-measuring-networks.html#param=messnetz-automatisch&station=COL
COM;Acquarossa / Comprovasco;TI;0-20000-0-06756;Automatische Wetterstationen;Stations météorologiques automatiques;Stazioni meteorologiche automatiche;Automatic weather stations;MeteoSchweiz;01.01.1900;575;576;2714985;1146451;46.459517;8.935486;Tal;Vallée;Valle;valley;https://www.meteoschweiz.admin.ch/service-und-publikationen/applikationen/messwerte-und-messnetze.html#param=messnetz-automatisch&station=COM;https://www.meteosuisse.admin.ch/services-et-publications/applications/valeurs-mesurees-et-reseaux-de-mesure.html#param=messnetz-automatisch&station=COM;https://www.meteosvizzera.admin.ch/servizi-e-pubblicazioni/applicazioni/valori-attuali-e-reti-di-misura.html#param=messnetz-automatisch&station=COM;https://www.meteoswiss.admin.ch/services-and-publications/applications/measurement-values-and-measuring-networks.html#param=messnetz-automatisch&station=COM
COP;Courtepin;FR;0-756-0-COP;Manuelle Niederschlagsstationen;Stations pluviométriques manuelles;Stazioni pluviometriche manuali;Manual precipitation stations;MeteoSchweiz;01.11.1971;565;;2576280;1189930;46.860078;7.127575;Westhang;Versant ouest;Versante occidentale;western oriented slope;https://www.meteoschweiz.admin.ch/service-und-publikationen/applikationen/messwerte-und-messnetze.html#param=messnetz-manuell&station=COP;https://www.meteosuisse.admin.ch/services-et-publications/applications/valeurs-mesurees-et-reseaux-de-mesure.html#param=messnetz-manuell&station=COP;https://www.meteosvizzera.admin.ch/servizi-e-pubblicazioni/applicazioni/valori-attuali-e-reti-di-misura.html#param=messnetz-manuell&station=COP;https://www.meteoswiss.admin.ch/services-and-publications/applications/measurement-values-and-measuring-networks.html#param=messnetz-manuell&station=COP
COS;Cossonay;VD;0-756-0-COS;Automatische Niederschlagsstationen;Stations pluviométriques automatiques;Stazioni pluviometriche automatiche;Automatic precipitation stations;MeteoSchweiz;01.01.1900;590;;2527563;1162466;46.609519;6.493083;Ebene;Plaine;Pianura;plain;https://www.meteoschweiz.admin.ch/service-und-publikationen/applikationen/messwerte-und-messnetze.html#param=messnetz-automatisch&station=COS;https://www.meteosuisse.admin.ch/services-et-publications/applications/valeurs-mesurees-et-reseaux-de-mesure.html#param=messnetz-automatisch&station=COS;https://www.meteosvizzera.admin.ch/servizi-e-pubblicazioni/applicazioni/valori-attuali-e-reti-di-misura.html#param=messnetz-automatisch&station=COS;https://www.meteoswiss.admin.ch/services-and-publications/applications/measurement-values-and-measuring-networks.html#param=messnetz-automatisch&station=COS
COU;Couvet;NE;0-756-0-COU;Automatische Niederschlagsstationen;Stations pluviométriques automatiques;Stazioni pluviometriche automatiche;Automatic precipitation stations;MeteoSchweiz;01.01.1897;728;;2540607;1198345;46.933542;6.658683;Nordhang;Versant nord;Versante settentrionale;northern oriented slope;https://www.meteoschweiz.admin.ch/service-und-publikationen/applikationen/messwerte-und-messnetze.html#param=messnetz-automatisch&station=COU;https://www.meteosuisse.admin.ch/services-et-publications/applications/valeurs-mesurees-et-reseaux-de-mesure.html#param=messnetz-automatisch&station=COU;https://www.meteosvizzera.admin.ch/servizi-e-pubblicazioni/applicazioni/valori-attuali-e-reti-di-misura.html#param=messnetz-automatisch&station=COU;https://www.meteoswiss.admin.ch/services-and-publications/applications/measurement-values-and-measuring-networks.html#param=messnetz-automatisch&station=COU
COV;Piz Corvatsch;GR;0-20000-0-06791;Automatische Wetterstationen;Stations météorologiques automatiques;Stazioni meteorologiche automatiche;Automatic weather stations;MeteoSchweiz;26.07.1979;3294;3302;2783156;1143524;46.418039;9.821308;Gipfellage;Sommet;Vetta;crest;https://www.meteoschweiz.admin.ch/service-und-publikationen/applikationen/messwerte-und-messnetze.html#param=messnetz-automatisch&station=COV;https://www.meteosuisse.admin.ch/services-et-publications/applications/valeurs-mesurees-et-reseaux-de-mesure.html#param=messnetz-automatisch&station=COV;https://www.meteosvizzera.admin.ch/servizi-e-pubblicazioni/applicazioni/valori-attuali-e-reti-di-misura.html#param=messnetz-automatisch&station=COV;https://www.meteoswiss.admin.ch/services-and-publications/applications/measurement-values-and-measuring-networks.html#param=messnetz-automatisch&station=COV
COY;Courtelary;BE;0-20000-0-06710;Automatische Wetterstationen;Stations météorologiques automatiques;Stazioni meteorologiche automatiche;Automatic weather stations;MeteoSchweiz;01.01.1913;695;;2573623;1225598;47.180811;7.090656;Ebene;Plaine;Pianura;plain;https://www.meteoschweiz.admin.ch/service-und-publikationen/applikationen/messwerte-und-messnetze.html#param=messnetz-automatisch&station=COY;https://www.meteosuisse.admin.ch/services-et-publications/applications/valeurs-mesurees-et-reseaux-de-mesure.html#param=messnetz-automatisch&station=COY;https://www.meteosvizzera.admin.ch/servizi-e-pubblicazioni/applicazioni/valori-attuali-e-reti-di-misura.html#param=messnetz-automatisch&station=COY;https://www.meteoswiss.admin.ch/services-and-publications/applications/measurement-values-and-measuring-networks.html#param=messnetz-automatisch&station=COY
CTA;Finhaut;VS;0-756-0-CTA;Manuelle Niederschlagsstationen;Stations pluviométriques manuelles;Stazioni pluviometriche manuali;Manual precipitation stations;MeteoSchweiz;01.01.1969;1236;;2564168;1103583;46.082806;6.975428;Südosthang;Versant sud-est;Versante sud-orientale;south-eastern oriented slope;https://www.meteoschweiz.admin.ch/service-und-publikationen/applikationen/messwerte-und-messnetze.html#param=messnetz-manuell&station=CTA;https://www.meteosuisse.admin.ch/services-et-publications/applications/valeurs-mesurees-et-reseaux-de-mesure.html#param=messnetz-manuell&station=CTA;https://www.meteosvizzera.admin.ch/servizi-e-pubblicazioni/applicazioni/valori-attuali-e-reti-di-misura.html#param=messnetz-manuell&station=CTA;https://www.meteoswiss.admin.ch/services-and-publications/applications/measurement-values-and-measuring-networks.html#param=messnetz-manuell&station=CTA
CTO;Torricella / Crana;TI;0-756-0-CTO;Automatische Niederschlagsstationen;Stations pluviométriques automatiques;Stazioni pluviometriche automatiche;Automatic precipitation stations;MeteoSchweiz;01.01.1901;1002;;2712695;1103745;46.075808;8.895367;Nordhang;Versant nord;Versante settentrionale;northern oriented slope;https://www.meteoschweiz.admin.ch/service-und-publikationen/applikationen/messwerte-und-messnetze.html#param=messnetz-automatisch&station=CTO;https://www.meteosuisse.admin.ch/services-et-publications/applications/valeurs-mesurees-et-reseaux-de-mesure.html#param=messnetz-automatisch&station=CTO;https://www.meteosvizzera.admin.ch/servizi-e-pubblicazioni/applicazioni/valori-attuali-e-reti-di-misura.html#param=messnetz-automatisch&station=CTO;https://www.meteoswiss.admin.ch/services-and-publications/applications/measurement-values-and-measuring-networks.html#param=messnetz-automatisch&station=CTO
CUE;La Cure;VD;0-756-0-CUE;Manuelle Niederschlagsstationen;Stations pluviométriques manuelles;Stazioni pluviometriche manuali;Manual precipitation stations;MeteoSchweiz;01.01.1900;1185;;2495297;1146348;46.460275;6.075636;Südwesthang;Versant sud-ouest;Versante sud-occidentale;south-western oriented slope;https://www.meteoschweiz.admin.ch/service-und-publikationen/applikationen/messwerte-und-messnetze.html#param=messnetz-manuell&station=CUE;https://www.meteosuisse.admin.ch/services-et-publications/applications/valeurs-mesurees-et-reseaux-de-mesure.html#param=messnetz-manuell&station=CUE;https://www.meteosvizzera.admin.ch/servizi-e-pubblicazioni/applicazioni/valori-attuali-e-reti-di-misura.html#param=messnetz-manuell&station=CUE;https://www.meteoswiss.admin.ch/services-and-publications/applications/measurement-values-and-measuring-networks.html#param=messnetz-manuell&station=CUE
DAV;Davos;GR;0-20000-0-06784;Automatische Wetterstationen;Stations météorologiques automatiques;Stazioni meteorologiche automatiche;Automatic weather stations;MeteoSchweiz, SLF;01.01.1864;1594;1596;2783519;1187459;46.812969;9.843558;Südosthang;Versant sud-est;Versante sud-orientale;south-eastern oriented slope;https://www.meteoschweiz.admin.ch/service-und-publikationen/applikationen/messwerte-und-messnetze.html#param=messnetz-automatisch&station=DAV;https://www.meteosuisse.admin.ch/services-et-publications/applications/valeurs-mesurees-et-reseaux-de-mesure.html#param=messnetz-automatisch&station=DAV;https://www.meteosvizzera.admin.ch/servizi-e-pubblicazioni/applicazioni/valori-attuali-e-reti-di-misura.html#param=messnetz-automatisch&station=DAV;https://www.meteoswiss.admin.ch/services-and-publications/applications/measurement-values-and-measuring-networks.html#param=messnetz-automatisch&station=DAV
DEH;Degersheim;SG;0-756-0-DEH;Manuelle Niederschlagsstationen;Stations pluviométriques manuelles;Stazioni pluviometriche manuali;Manual precipitation stations;MeteoSchweiz;01.01.1901;851;;2732887;1247831;47.367917;9.198044;Nordwesthang;Versant nord-ouest;Versante nord-occidentale;north-western oriented slope;https://www.meteoschweiz.admin.ch/service-und-publikationen/applikationen/messwerte-und-messnetze.html#param=messnetz-manuell&station=DEH;https://www.meteosuisse.admin.ch/services-et-publications/applications/valeurs-mesurees-et-reseaux-de-mesure.html#param=messnetz-manuell&station=DEH;https://www.meteosvizzera.admin.ch/servizi-e-pubblicazioni/applicazioni/valori-attuali-e-reti-di-misura.html#param=messnetz-manuell&station=DEH;https://www.meteoswiss.admin.ch/services-and-publications/applications/measurement-values-and-measuring-networks.html#param=messnetz-manuell&station=DEH
DEM;Delémont;JU;0-20000-0-06602;Automatische Wetterstationen;Stations météorologiques automatiques;Stazioni meteorologiche automatiche;Automatic weather stations;MeteoSchweiz;14.07.1892;439;440;2593270;1244543;47.351706;7.349567;Ebene;Plaine;Pianura;plain;https://www.meteoschweiz.admin.ch/service-und-publikationen/applikationen/messwerte-und-messnetze.html#param=messnetz-automatisch&station=DEM;https://www.meteosuisse.admin.ch/services-et-publications/applications/valeurs-mesurees-et-reseaux-de-mesure.html#param=messnetz-automatisch&station=DEM;https://www.meteosvizzera.admin.ch/servizi-e-pubblicazioni/applicazioni/valori-attuali-e-reti-di-misura.html#param=messnetz-automatisch&station=DEM;https://www.meteoswiss.admin.ch/services-and-publications/applications/measurement-values-and-measuring-networks.html#param=messnetz-automatisch&station=DEM
DIB;Les Diablerets;VD;0-756-0-DIB;Manuelle Niederschlagsstationen;Stations pluviométriques manuelles;Stazioni pluviometriche manuali;Manual precipitation stations;MeteoSchweiz;02.11.1960;1190;;2579029;1132861;46.346806;7.166225;Südwesthang;Versant sud-ouest;Versante sud-occidentale;south-western oriented slope;https://www.meteoschweiz.admin.ch/service-und-publikationen/applikationen/messwerte-und-messnetze.html#param=messnetz-manuell&station=DIB;https://www.meteosuisse.admin.ch/services-et-publications/applications/valeurs-mesurees-et-reseaux-de-mesure.html#param=messnetz-manuell&station=DIB;https://www.meteosvizzera.admin.ch/servizi-e-pubblicazioni/applicazioni/valori-attuali-e-reti-di-misura.html#param=messnetz-manuell&station=DIB;https://www.meteoswiss.admin.ch/services-and-publications/applications/measurement-values-and-measuring-networks.html#param=messnetz-manuell&station=DIB
DIE;Diessenhofen;TG;0-756-0-DIE;Manuelle Niederschlagsstationen;Stations pluviométriques manuelles;Stazioni pluviometriche manuali;Manual precipitation stations;MeteoSchweiz;01.06.1879;404;;2696732;1283139;47.691719;8.727131;Ebene;Plaine;Pianura;plain;https://www.meteoschweiz.admin.ch/service-und-publikationen/applikationen/messwerte-und-messnetze.html#param=messnetz-manuell&station=DIE;https://www.meteosuisse.admin.ch/services-et-publications/applications/valeurs-mesurees-et-reseaux-de-mesure.html#param=messnetz-manuell&station=DIE;https://www.meteosvizzera.admin.ch/servizi-e-pubblicazioni/applicazioni/valori-attuali-e-reti-di-misura.html#param=messnetz-manuell&station=DIE;https://www.meteoswiss.admin.ch/services-and-publications/applications/measurement-values-and-measuring-networks.html#param=messnetz-manuell&station=DIE
DIS;Disentis;GR;0-20000-0-06782;Automatische Wetterstationen;Stations météorologiques automatiques;Stazioni meteorologiche automatiche;Automatic weather stations;MeteoSchweiz;01.01.1959;1197;1198;2708191;1173793;46.706569;8.853478;Südosthang;Versant sud-est;Versante sud-orientale;south-eastern oriented slope;https://www.meteoschweiz.admin.ch/service-und-publikationen/applikationen/messwerte-und-messnetze.html#param=messnetz-automatisch&station=DIS;https://www.meteosuisse.admin.ch/services-et-publications/applications/valeurs-mesurees-et-reseaux-de-mesure.html#param=messnetz-automatisch&station=DIS;https://www.meteosvizzera.admin.ch/servizi-e-pubblicazioni/applicazioni/valori-attuali-e-reti-di-misura.html#param=messnetz-automatisch&station=DIS;https://www.meteoswiss.admin.ch/services-and-publications/applications/measurement-values-and-measuring-networks.html#param=messnetz-automatisch&station=DIS
DIT;Dietikon;ZH;0-756-0-DIT;Automatische Niederschlagsstationen;Stations pluviométriques automatiques;Stazioni pluviometriche automatiche;Automatic precipitation stations;MeteoSchweiz;01.01.1901;384;;2672891;1251865;47.413558;8.404472;Ebene;Plaine;Pianura;plain;https://www.meteoschweiz.admin.ch/service-und-publikationen/applikationen/messwerte-und-messnetze.html#param=messnetz-automatisch&station=DIT;https://www.meteosuisse.admin.ch/services-et-publications/applications/valeurs-mesurees-et-reseaux-de-mesure.html#param=messnetz-automatisch&station=DIT;https://www.meteosvizzera.admin.ch/servizi-e-pubblicazioni/applicazioni/valori-attuali-e-reti-di-misura.html#param=messnetz-automatisch&station=DIT;https://www.meteoswiss.admin.ch/services-and-publications/applications/measurement-values-and-measuring-networks.html#param=messnetz-automatisch&station=DIT
DMA;Dischma;GR;0-756-0-DMA;Manuelle Niederschlagsstationen;Stations pluviométriques manuelles;Stazioni pluviometriche manuali;Manual precipitation stations;MeteoSchweiz;01.10.1972;1710;;2786601;1182990;46.771933;9.882092;Westhang;Versant ouest;Versante occidentale;western oriented slope;https://www.meteoschweiz.admin.ch/service-und-publikationen/applikationen/messwerte-und-messnetze.html#param=messnetz-manuell&station=DMA;https://www.meteosuisse.admin.ch/services-et-publications/applications/valeurs-mesurees-et-reseaux-de-mesure.html#param=messnetz-manuell&station=DMA;https://www.meteosvizzera.admin.ch/servizi-e-pubblicazioni/applicazioni/valori-attuali-e-reti-di-misura.html#param=messnetz-manuell&station=DMA;https://www.meteoswiss.admin.ch/services-and-publications/applications/measurement-values-and-measuring-networks.html#param=messnetz-manuell&station=DMA
DOB;Benken / Doggen;SG;0-756-0-DOB;Automatische Niederschlagsstationen;Stations pluviométriques automatiques;Stazioni pluviometriche automatiche;Automatic precipitation stations;MeteoSchweiz;01.01.1961;408;;2715388;1227540;47.188733;8.961211;Ebene;Plaine;Pianura;plain;https://www.meteoschweiz.admin.ch/service-und-publikationen/applikationen/messwerte-und-messnetze.html#param=messnetz-automatisch&station=DOB;https://www.meteosuisse.admin.ch/services-et-publications/applications/valeurs-mesurees-et-reseaux-de-mesure.html#param=messnetz-automatisch&station=DOB;https://www.meteosvizzera.admin.ch/servizi-e-pubblicazioni/applicazioni/valori-attuali-e-reti-di-misura.html#param=messnetz-automatisch&station=DOB;https://www.meteoswiss.admin.ch/services-and-publications/applications/measurement-values-and-measuring-networks.html#param=messnetz-automatisch&station=DOB
DOL;La Dôle;VD;0-20000-0-06702;Automatische Wetterstationen;Stations météorologiques automatiques;Stazioni meteorologiche automatiche;Automatic weather stations;MeteoSchweiz;01.01.1973;1670;1671;2497059;1142373;46.424794;6.099453;Gipfellage;Sommet;Vetta;crest;https://www.meteoschweiz.admin.ch/service-und-publikationen/applikationen/messwerte-und-messnetze.html#param=messnetz-automatisch&station=DOL;https://www.meteosuisse.admin.ch/services-et-publications/applications/valeurs-mesurees-et-reseaux-de-mesure.html#param=messnetz-automatisch&station=DOL;https://www.meteosvizzera.admin.ch/servizi-e-pubblicazioni/applicazioni/valori-attuali-e-reti-di-misura.html#param=messnetz-automatisch&station=DOL;https://www.meteoswiss.admin.ch/services-and-publications/applications/measurement-values-and-measuring-networks.html#param=messnetz-automatisch&station=DOL
EBK;Ebnat-Kappel;SG;0-20000-0-06693;Automatische Wetterstationen;Stations météorologiques automatiques;Stazioni meteorologiche automatiche;Automatic weather stations;MeteoSchweiz;01.08.1879;623;624;2726348;1237176;47.273389;9.108494;Tal;Vallée;Valle;valley;https://www.meteoschweiz.admin.ch/service-und-publikationen/applikationen/messwerte-und-messnetze.html#param=messnetz-automatisch&station=EBK;https://www.meteosuisse.admin.ch/services-et-publications/applications/valeurs-mesurees-et-reseaux-de-mesure.html#param=messnetz-automatisch&station=EBK;https://www.meteosvizzera.admin.ch/servizi-e-pubblicazioni/applicazioni/valori-attuali-e-reti-di-misura.html#param=messnetz-automatisch&station=EBK;https://www.meteoswiss.admin.ch/services-and-publications/applications/measurement-values-and-measuring-networks.html#param=messnetz-automatisch&station=EBK
ECH;Echallens;VD;0-756-0-ECH;Manuelle Niederschlagsstationen;Stations pluviométriques manuelles;Stazioni pluviometriche manuali;Manual precipitation stations;MeteoSchweiz;01.01.1934;602;;2537463;1166423;46.646111;6.621764;Westhang;Versant ouest;Versante occidentale;western oriented slope;https://www.meteoschweiz.admin.ch/service-und-publikationen/applikationen/messwerte-und-messnetze.html#param=messnetz-manuell&station=ECH;https://www.meteosuisse.admin.ch/services-et-publications/applications/valeurs-mesurees-et-reseaux-de-mesure.html#param=messnetz-manuell&station=ECH;https://www.meteosvizzera.admin.ch/servizi-e-pubblicazioni/applicazioni/valori-attuali-e-reti-di-misura.html#param=messnetz-manuell&station=ECH;https://www.meteoswiss.admin.ch/services-and-publications/applications/measurement-values-and-measuring-networks.html#param=messnetz-manuell&station=ECH
EFF;Effretikon;ZH;0-756-0-EFF;Manuelle Niederschlagsstationen;Stations pluviométriques manuelles;Stazioni pluviometriche manuali;Manual precipitation stations;MeteoSchweiz;01.01.1953;478;;2695337;1254992;47.438811;8.702514;Muldenlage;Dépression;Depressione;basin;https://www.meteoschweiz.admin.ch/service-und-publikationen/applikationen/messwerte-und-messnetze.html#param=messnetz-manuell&station=EFF;https://www.meteosuisse.admin.ch/services-et-publications/applications/valeurs-mesurees-et-reseaux-de-mesure.html#param=messnetz-manuell&station=EFF;https://www.meteosvizzera.admin.ch/servizi-e-pubblicazioni/applicazioni/valori-attuali-e-reti-di-misura.html#param=messnetz-manuell&station=EFF;https://www.meteoswiss.admin.ch/services-and-publications/applications/measurement-values-and-measuring-networks.html#param=messnetz-manuell&station=EFF
EGL;Lachen / Eggen;AR;0-756-0-EGL;Manuelle Niederschlagsstationen;Stations pluviométriques manuelles;Stazioni pluviometriche manuali;Manual precipitation stations;MeteoSchweiz;01.01.1969;930;;2762030;1255900;47.433936;9.586661;Südosthang;Versant sud-est;Versante sud-orientale;south-eastern oriented slope;https://www.meteoschweiz.admin.ch/service-und-publikationen/applikationen/messwerte-und-messnetze.html#param=messnetz-manuell&station=EGL;https://www.meteosuisse.admin.ch/services-et-publications/applications/valeurs-mesurees-et-reseaux-de-mesure.html#param=messnetz-manuell&station=EGL;https://www.meteosvizzera.admin.ch/servizi-e-pubblicazioni/applicazioni/valori-attuali-e-reti-di-misura.html#param=messnetz-manuell&station=EGL;https://www.meteoswiss.admin.ch/services-and-publications/applications/measurement-values-and-measuring-networks.html#param=messnetz-manuell&station=EGL
EGO;Egolzwil;LU;0-20000-0-06648;Automatische Wetterstationen;Stations météorologiques automatiques;Stazioni meteorologiche automatiche;Automatic weather stations;MeteoSchweiz;01.01.1961;522;523;2642913;1225541;47.179428;8.004758;Ebene;Plaine;Pianura;plain;https://www.meteoschweiz.admin.ch/service-und-publikationen/applikationen/messwerte-und-messnetze.html#param=messnetz-automatisch&station=EGO;https://www.meteosuisse.admin.ch/services-et-publications/applications/valeurs-mesurees-et-reseaux-de-mesure.html#param=messnetz-automatisch&station=EGO;https://www.meteosvizzera.admin.ch/servizi-e-pubblicazioni/applicazioni/valori-attuali-e-reti-di-misura.html#param=messnetz-automatisch&station=EGO;https://www.meteoswiss.admin.ch/services-and-publications/applications/measurement-values-and-measuring-networks.html#param=messnetz-automatisch&station=EGO
EGR;Eggersriet;SG;0-756-0-EGR;Automatische Niederschlagsstationen;Stations pluviométriques automatiques;Stazioni pluviometriche automatiche;Automatic precipitation stations;MeteoSchweiz;01.06.1974;770;;2753061;1256197;47.438753;9.467903;Muldenlage;Dépression;Depressione;basin;https://www.meteoschweiz.admin.ch/service-und-publikationen/applikationen/messwerte-und-messnetze.html#param=messnetz-automatisch&station=EGR;https://www.meteosuisse.admin.ch/services-et-publications/applications/valeurs-mesurees-et-reseaux-de-mesure.html#param=messnetz-automatisch&station=EGR;https://www.meteosvizzera.admin.ch/servizi-e-pubblicazioni/applicazioni/valori-attuali-e-reti-di-misura.html#param=messnetz-automatisch&station=EGR;https://www.meteoswiss.admin.ch/services-and-publications/applications/measurement-values-and-measuring-networks.html#param=messnetz-automatisch&station=EGR
EHM;Escholzmatt;LU;0-756-0-EHM;Manuelle Niederschlagsstationen;Stations pluviométriques manuelles;Stazioni pluviometriche manuali;Manual precipitation stations;MeteoSchweiz;01.01.1901;840;;2637850;1194828;46.903481;7.935406;Ebene;Plaine;Pianura;plain;https://www.meteoschweiz.admin.ch/service-und-publikationen/applikationen/messwerte-und-messnetze.html#param=messnetz-manuell&station=EHM;https://www.meteosuisse.admin.ch/services-et-publications/applications/valeurs-mesurees-et-reseaux-de-mesure.html#param=messnetz-manuell&station=EHM;https://www.meteosvizzera.admin.ch/servizi-e-pubblicazioni/applicazioni/valori-attuali-e-reti-di-misura.html#param=messnetz-manuell&station=EHM;https://www.meteoswiss.admin.ch/services-and-publications/applications/measurement-values-and-measuring-networks.html#param=messnetz-manuell&station=EHM
EIN;Einsiedeln;SZ;0-20000-0-06675;Automatische Wetterstationen;Stations météorologiques automatiques;Stazioni meteorologiche automatiche;Automatic weather stations;MeteoSchweiz;01.01.1864;911;912;2699984;1221068;47.133042;8.756556;Ebene;Plaine;Pianura;plain;https://www.meteoschweiz.admin.ch/service-und-publikationen/applikationen/messwerte-und-messnetze.html#param=messnetz-automatisch&station=EIN;https://www.meteosuisse.admin.ch/services-et-publications/applications/valeurs-mesurees-et-reseaux-de-mesure.html#param=messnetz-automatisch&station=EIN;https://www.meteosvizzera.admin.ch/servizi-e-pubblicazioni/applicazioni/valori-attuali-e-reti-di-misura.html#param=messnetz-automatisch&station=EIN;https://www.meteoswiss.admin.ch/services-and-publications/applications/measurement-values-and-measuring-networks.html#param=messnetz-automatisch&station=EIN
EIT;Eigenthal;LU;0-756-0-EIT;Manuelle Niederschlagsstationen;Stations pluviométriques manuelles;Stazioni pluviometriche manuali;Manual precipitation stations;MeteoSchweiz;01.01.1901;1114;;2659341;1203880;46.983331;8.218622;Südosthang;Versant sud-est;Versante sud-orientale;south-eastern oriented slope;https://www.meteoschweiz.admin.ch/service-und-publikationen/applikationen/messwerte-und-messnetze.html#param=messnetz-manuell&station=EIT;https://www.meteosuisse.admin.ch/services-et-publications/applications/valeurs-mesurees-et-reseaux-de-mesure.html#param=messnetz-manuell&station=EIT;https://www.meteosvizzera.admin.ch/servizi-e-pubblicazioni/applicazioni/valori-attuali-e-reti-di-misura.html#param=messnetz-manuell&station=EIT;https://www.meteoswiss.admin.ch/services-and-publications/applications/measurement-values-and-measuring-networks.html#param=messnetz-manuell&station=EIT
EKO;Eschlikon;TG;0-756-0-EKO;Manuelle Niederschlagsstationen;Stations pluviométriques manuelles;Stazioni pluviometriche manuali;Manual precipitation stations;MeteoSchweiz;01.01.1900;579;;2715685;1256831;47.452086;8.972683;Ebene;Plaine;Pianura;plain;https://www.meteoschweiz.admin.ch/service-und-publikationen/applikationen/messwerte-und-messnetze.html#param=messnetz-manuell&station=EKO;https://www.meteosuisse.admin.ch/services-et-publications/applications/valeurs-mesurees-et-reseaux-de-mesure.html#param=messnetz-manuell&station=EKO;https://www.meteosvizzera.admin.ch/servizi-e-pubblicazioni/applicazioni/valori-attuali-e-reti-di-misura.html#param=messnetz-manuell&station=EKO;https://www.meteoswiss.admin.ch/services-and-publications/applications/measurement-values-and-measuring-networks.html#param=messnetz-manuell&station=EKO
ELM;Elm;GL;0-20000-0-06682;Automatische Wetterstationen;Stations météorologiques automatiques;Stazioni meteorologiche automatiche;Automatic weather stations;MeteoSchweiz;01.02.1878;958;958;2732266;1198424;46.923742;9.175347;Ebene;Plaine;Pianura;plain;https://www.meteoschweiz.admin.ch/service-und-publikationen/applikationen/messwerte-und-messnetze.html#param=messnetz-automatisch&station=ELM;https://www.meteosuisse.admin.ch/services-et-publications/applications/valeurs-mesurees-et-reseaux-de-mesure.html#param=messnetz-automatisch&station=ELM;https://www.meteosvizzera.admin.ch/servizi-e-pubblicazioni/applicazioni/valori-attuali-e-reti-di-misura.html#param=messnetz-automatisch&station=ELM;https://www.meteoswiss.admin.ch/services-and-publications/applications/measurement-values-and-measuring-networks.html#param=messnetz-automatisch&station=ELM
ENG;Engelberg;OW;0-20000-0-06655;Automatische Wetterstationen;Stations météorologiques automatiques;Stazioni meteorologiche automatiche;Automatic weather stations;MeteoSchweiz, SLF;01.01.1864;1036;1037;2674162;1186069;46.821639;8.410514;Südwesthang;Versant sud-ouest;Versante sud-occidentale;south-western oriented slope;https://www.meteoschweiz.admin.ch/service-und-publikationen/applikationen/messwerte-und-messnetze.html#param=messnetz-automatisch&station=ENG;https://www.meteosuisse.admin.ch/services-et-publications/applications/valeurs-mesurees-et-reseaux-de-mesure.html#param=messnetz-automatisch&station=ENG;https://www.meteosvizzera.admin.ch/servizi-e-pubblicazioni/applicazioni/valori-attuali-e-reti-di-misura.html#param=messnetz-automatisch&station=ENG;https://www.meteoswiss.admin.ch/services-and-publications/applications/measurement-values-and-measuring-networks.html#param=messnetz-automatisch&station=ENG
ENT;Entlebuch;LU;0-756-0-ENT;Automatische Niederschlagsstationen;Stations pluviométriques automatiques;Stazioni pluviometriche automatiche;Automatic precipitation stations;MeteoSchweiz;01.08.1882;768;;2647936;1204165;46.986814;8.068747;Westhang;Versant ouest;Versante occidentale;western oriented slope;https://www.meteoschweiz.admin.ch/service-und-publikationen/applikationen/messwerte-und-messnetze.html#param=messnetz-automatisch&station=ENT;https://www.meteosuisse.admin.ch/services-et-publications/applications/valeurs-mesurees-et-reseaux-de-mesure.html#param=messnetz-automatisch&station=ENT;https://www.meteosvizzera.admin.ch/servizi-e-pubblicazioni/applicazioni/valori-attuali-e-reti-di-misura.html#param=messnetz-automatisch&station=ENT;https://www.meteoswiss.admin.ch/services-and-publications/applications/measurement-values-and-measuring-networks.html#param=messnetz-automatisch&station=ENT
EPT;Eptingen;BL;0-756-0-EPT;Manuelle Niederschlagsstationen;Stations pluviométriques manuelles;Stazioni pluviometriche manuali;Manual precipitation stations;MeteoSchweiz;01.01.1900;618;;2627693;1247984;47.382103;7.80535;Ebene;Plaine;Pianura;plain;https://www.meteoschweiz.admin.ch/service-und-publikationen/applikationen/messwerte-und-messnetze.html#param=messnetz-manuell&station=EPT;https://www.meteosuisse.admin.ch/services-et-publications/applications/valeurs-mesurees-et-reseaux-de-mesure.html#param=messnetz-manuell&station=EPT;https://www.meteosvizzera.admin.ch/servizi-e-pubblicazioni/applicazioni/valori-attuali-e-reti-di-misura.html#param=messnetz-manuell&station=EPT;https://www.meteoswiss.admin.ch/services-and-publications/applications/measurement-values-and-measuring-networks.html#param=messnetz-manuell&station=EPT
ERB;Erlenbach im Simmental;BE;0-756-0-ERB;Manuelle Niederschlagsstationen;Stations pluviométriques manuelles;Stazioni pluviometriche manuali;Manual precipitation stations;MeteoSchweiz;02.12.1968;732;;2606537;1167475;46.658472;7.524042;Ebene;Plaine;Pianura;plain;https://www.meteoschweiz.admin.ch/service-und-publikationen/applikationen/messwerte-und-messnetze.html#param=messnetz-manuell&station=ERB;https://www.meteosuisse.admin.ch/services-et-publications/applications/valeurs-mesurees-et-reseaux-de-mesure.html#param=messnetz-manuell&station=ERB;https://www.meteosvizzera.admin.ch/servizi-e-pubblicazioni/applicazioni/valori-attuali-e-reti-di-misura.html#param=messnetz-manuell&station=ERB;https://www.meteoswiss.admin.ch/services-and-publications/applications/measurement-values-and-measuring-networks.html#param=messnetz-manuell&station=ERB
ERI;Eriswil;BE;0-756-0-ERI;Manuelle Niederschlagsstationen;Stations pluviométriques manuelles;Stazioni pluviometriche manuali;Manual precipitation stations;MeteoSchweiz;01.01.1972;729;;2631275;1214794;47.083417;7.850489;Osthang;Versant est;Versante orientale;eastern oriented slope;https://www.meteoschweiz.admin.ch/service-und-publikationen/applikationen/messwerte-und-messnetze.html#param=messnetz-manuell&station=ERI;https://www.meteosuisse.admin.ch/services-et-publications/applications/valeurs-mesurees-et-reseaux-de-mesure.html#param=messnetz-manuell&station=ERI;https://www.meteosvizzera.admin.ch/servizi-e-pubblicazioni/applicazioni/valori-attuali-e-reti-di-misura.html#param=messnetz-manuell&station=ERI;https://www.meteoswiss.admin.ch/services-and-publications/applications/measurement-values-and-measuring-networks.html#param=messnetz-manuell&station=ERI
ESZ;Eschenz;TG;0-756-0-ESZ;Automatische Niederschlagsstationen;Stations pluviométriques automatiques;Stazioni pluviometriche automatiche;Automatic precipitation stations;MeteoSchweiz;01.06.1879;414;;2707844;1278214;47.645703;8.873914;Ebene;Plaine;Pianura;plain;https://www.meteoschweiz.admin.ch/service-und-publikationen/applikationen/messwerte-und-messnetze.html#param=messnetz-automatisch&station=ESZ;https://www.meteosuisse.admin.ch/services-et-publications/applications/valeurs-mesurees-et-reseaux-de-mesure.html#param=messnetz-automatisch&station=ESZ;https://www.meteosvizzera.admin.ch/servizi-e-pubblicazioni/applicazioni/valori-attuali-e-reti-di-misura.html#param=messnetz-automatisch&station=ESZ;https://www.meteoswiss.admin.ch/services-and-publications/applications/measurement-values-and-measuring-networks.html#param=messnetz-automatisch&station=ESZ
EUT;Euthal;SZ;0-756-0-EUT;Manuelle Niederschlagsstationen;Stations pluviométriques manuelles;Stazioni pluviometriche manuali;Manual precipitation stations;MeteoSchweiz;01.10.1972;910;;2704730;1217363;47.098981;8.818244;Nordhang;Versant nord;Versante settentrionale;northern oriented slope;https://www.meteoschweiz.admin.ch/service-und-publikationen/applikationen/messwerte-und-messnetze.html#param=messnetz-manuell&station=EUT;https://www.meteosuisse.admin.ch/services-et-publications/applications/valeurs-mesurees-et-reseaux-de-mesure.html#param=messnetz-manuell&station=EUT;https://www.meteosvizzera.admin.ch/servizi-e-pubblicazioni/applicazioni/valori-attuali-e-reti-di-misura.html#param=messnetz-manuell&station=EUT;https://www.meteoswiss.admin.ch/services-and-publications/applications/measurement-values-and-measuring-networks.html#param=messnetz-manuell&station=EUT
EVO;Evolène / Villa;VS;0-20000-0-06722;Automatische Wetterstationen;Stations météorologiques automatiques;Stazioni meteorologiche automatiche;Automatic weather stations;MeteoSchweiz;23.09.1986;1825;1829;2605412;1106748;46.112211;7.508631;Südwesthang;Versant sud-ouest;Versante sud-occidentale;south-western oriented slope;https://www.meteoschweiz.admin.ch/service-und-publikationen/applikationen/messwerte-und-messnetze.html#param=messnetz-automatisch&station=EVO;https://www.meteosuisse.admin.ch/services-et-publications/applications/valeurs-mesurees-et-reseaux-de-mesure.html#param=messnetz-automatisch&station=EVO;https://www.meteosvizzera.admin.ch/servizi-e-pubblicazioni/applicazioni/valori-attuali-e-reti-di-misura.html#param=messnetz-automatisch&station=EVO;https://www.meteoswiss.admin.ch/services-and-publications/applications/measurement-values-and-measuring-networks.html#param=messnetz-automatisch&station=EVO
FAH;Fahy;JU;0-20000-0-06616;Automatische Wetterstationen;Stations météorologiques automatiques;Stazioni meteorologiche automatiche;Automatic weather stations;MeteoSchweiz;01.01.1957;596;598;2562465;1252676;47.423814;6.941194;Ebene;Plaine;Pianura;plain;https://www.meteoschweiz.admin.ch/service-und-publikationen/applikationen/messwerte-und-messnetze.html#param=messnetz-automatisch&station=FAH;https://www.meteosuisse.admin.ch/services-et-publications/applications/valeurs-mesurees-et-reseaux-de-mesure.html#param=messnetz-automatisch&station=FAH;https://www.meteosvizzera.admin.ch/servizi-e-pubblicazioni/applicazioni/valori-attuali-e-reti-di-misura.html#param=messnetz-automatisch&station=FAH;https://www.meteoswiss.admin.ch/services-and-publications/applications/measurement-values-and-measuring-networks.html#param=messnetz-automatisch&station=FAH
FAI;Faido;TI;0-756-0-FAI;Automatische Niederschlagsstationen;Stations pluviométriques automatiques;Stazioni pluviometriche automatiche;Automatic precipitation stations;MeteoSchweiz;01.01.1961;747;;2704950;1148266;46.477486;8.805294;Südwesthang;Versant sud-ouest;Versante sud-occidentale;south-western oriented slope;https://www.meteoschweiz.admin.ch/service-und-publikationen/applikationen/messwerte-und-messnetze.html#param=messnetz-automatisch&station=FAI;https://www.meteosuisse.admin.ch/services-et-publications/applications/valeurs-mesurees-et-reseaux-de-mesure.html#param=messnetz-automatisch&station=FAI;https://www.meteosvizzera.admin.ch/servizi-e-pubblicazioni/applicazioni/valori-attuali-e-reti-di-misura.html#param=messnetz-automatisch&station=FAI;https://www.meteoswiss.admin.ch/services-and-publications/applications/measurement-values-and-measuring-networks.html#param=messnetz-automatisch&station=FAI
FIL;Filisur;GR;0-756-0-FIL;Manuelle Niederschlagsstationen;Stations pluviométriques manuelles;Stazioni pluviometriche manuali;Manual precipitation stations;MeteoSchweiz;01.01.1901;1030;;2772251;1171320;46.670864;9.689906;Südwesthang;Versant sud-ouest;Versante sud-occidentale;south-western oriented slope;https://www.meteoschweiz.admin.ch/service-und-publikationen/applikationen/messwerte-und-messnetze.html#param=messnetz-manuell&station=FIL;https://www.meteosuisse.admin.ch/services-et-publications/applications/valeurs-mesurees-et-reseaux-de-mesure.html#param=messnetz-manuell&station=FIL;https://www.meteosvizzera.admin.ch/servizi-e-pubblicazioni/applicazioni/valori-attuali-e-reti-di-misura.html#param=messnetz-manuell&station=FIL;https://www.meteoswiss.admin.ch/services-and-publications/applications/measurement-values-and-measuring-networks.html#param=messnetz-manuell&station=FIL
FIO;Fionnay;VS;0-756-0-FIO;Automatische Niederschlagsstationen;Stations pluviométriques automatiques;Stazioni pluviometriche automatiche;Automatic precipitation stations;MeteoSchweiz, SLF;01.01.1972;1500;;2589959;1097765;46.03135;7.308961;Muldenlage;Dépression;Depressione;basin;https://www.meteoschweiz.admin.ch/service-und-publikationen/applikationen/messwerte-und-messnetze.html#param=messnetz-automatisch&station=FIO;https://www.meteosuisse.admin.ch/services-et-publications/applications/valeurs-mesurees-et-reseaux-de-mesure.html#param=messnetz-automatisch&station=FIO;https://www.meteosvizzera.admin.ch/servizi-e-pubblicazioni/applicazioni/valori-attuali-e-reti-di-misura.html#param=messnetz-automatisch&station=FIO;https://www.meteoswiss.admin.ch/services-and-publications/applications/measurement-values-and-measuring-networks.html#param=messnetz-automatisch&station=FIO
FIT;Fieschertal;VS;0-756-0-FIT;Automatische Niederschlagsstationen;Stations pluviométriques automatiques;Stazioni pluviometriche automatiche;Automatic precipitation stations;MeteoSchweiz;01.01.1967;1203;;2654028;1142172;46.428711;8.141528;Tal;Vallée;Valle;valley;https://www.meteoschweiz.admin.ch/service-und-publikationen/applikationen/messwerte-und-messnetze.html#param=messnetz-automatisch&station=FIT;https://www.meteosuisse.admin.ch/services-et-publications/applications/valeurs-mesurees-et-reseaux-de-mesure.html#param=messnetz-automatisch&station=FIT;https://www.meteosvizzera.admin.ch/servizi-e-pubblicazioni/applicazioni/valori-attuali-e-reti-di-misura.html#param=messnetz-automatisch&station=FIT;https://www.meteoswiss.admin.ch/services-and-publications/applications/measurement-values-and-measuring-networks.html#param=messnetz-automatisch&station=FIT
FLI;Flims;GR;0-756-0-FLI;Manuelle Niederschlagsstationen;Stations pluviométriques manuelles;Stazioni pluviometriche manuali;Manual precipitation stations;MeteoSchweiz;01.01.1961;1056;;2740707;1188589;46.833558;9.283106;Muldenlage;Dépression;Depressione;basin;https://www.meteoschweiz.admin.ch/service-und-publikationen/applikationen/messwerte-und-messnetze.html#param=messnetz-manuell&station=FLI;https://www.meteosuisse.admin.ch/services-et-publications/applications/valeurs-mesurees-et-reseaux-de-mesure.html#param=messnetz-manuell&station=FLI;https://www.meteosvizzera.admin.ch/servizi-e-pubblicazioni/applicazioni/valori-attuali-e-reti-di-misura.html#param=messnetz-manuell&station=FLI;https://www.meteoswiss.admin.ch/services-and-publications/applications/measurement-values-and-measuring-networks.html#param=messnetz-manuell&station=FLI
FLU;Flühli, LU;LU;0-20000-0-06652;Automatische Wetterstationen;Stations météorologiques automatiques;Stazioni meteorologiche automatiche;Automatic weather stations;MeteoSchweiz;01.08.1882;940;;2644333;1193311;46.889436;8.020336;Westhang;Versant ouest;Versante occidentale;western oriented slope;https://www.meteoschweiz.admin.ch/service-und-publikationen/applikationen/messwerte-und-messnetze.html#param=messnetz-automatisch&station=FLU;https://www.meteosuisse.admin.ch/services-et-publications/applications/valeurs-mesurees-et-reseaux-de-mesure.html#param=messnetz-automatisch&station=FLU;https://www.meteosvizzera.admin.ch/servizi-e-pubblicazioni/applicazioni/valori-attuali-e-reti-di-misura.html#param=messnetz-automatisch&station=FLU;https://www.meteoswiss.admin.ch/services-and-publications/applications/measurement-values-and-measuring-networks.html#param=messnetz-automatisch&station=FLU
FLW;Flawil;SG;0-756-0-FLW;Automatische Niederschlagsstationen;Stations pluviométriques automatiques;Stazioni pluviometriche automatiche;Automatic precipitation stations;MeteoSchweiz;01.01.1900;571;;2733137;1252978;47.414142;9.202886;Ebene;Plaine;Pianura;plain;https://www.meteoschweiz.admin.ch/service-und-publikationen/applikationen/messwerte-und-messnetze.html#param=messnetz-automatisch&station=FLW;https://www.meteosuisse.admin.ch/services-et-publications/applications/valeurs-mesurees-et-reseaux-de-mesure.html#param=messnetz-automatisch&station=FLW;https://www.meteosvizzera.admin.ch/servizi-e-pubblicazioni/applicazioni/valori-attuali-e-reti-di-misura.html#param=messnetz-automatisch&station=FLW;https://www.meteoswiss.admin.ch/services-and-publications/applications/measurement-values-and-measuring-networks.html#param=messnetz-automatisch&station=FLW
FRA;Fräschels;FR;0-756-0-FRA;Manuelle Niederschlagsstationen;Stations pluviométriques manuelles;Stazioni pluviometriche manuali;Manual precipitation stations;MeteoSchweiz;01.01.1959;454;;2582300;1205070;46.996453;7.205933;Westhang;Versant ouest;Versante occidentale;western oriented slope;https://www.meteoschweiz.admin.ch/service-und-publikationen/applikationen/messwerte-und-messnetze.html#param=messnetz-manuell&station=FRA;https://www.meteosuisse.admin.ch/services-et-publications/applications/valeurs-mesurees-et-reseaux-de-mesure.html#param=messnetz-manuell&station=FRA;https://www.meteosvizzera.admin.ch/servizi-e-pubblicazioni/applicazioni/valori-attuali-e-reti-di-misura.html#param=messnetz-manuell&station=FRA;https://www.meteoswiss.admin.ch/services-and-publications/applications/measurement-values-and-measuring-networks.html#param=messnetz-manuell&station=FRA
FRC;Fruence;FR;0-756-0-FRC;Manuelle Niederschlagsstationen;Stations pluviométriques manuelles;Stazioni pluviometriche manuali;Manual precipitation stations;MeteoSchweiz;01.01.1977;810;;2558813;1152867;46.525831;6.901847;Westhang;Versant ouest;Versante occidentale;western oriented slope;https://www.meteoschweiz.admin.ch/service-und-publikationen/applikationen/messwerte-und-messnetze.html#param=messnetz-manuell&station=FRC;https://www.meteosuisse.admin.ch/services-et-publications/applications/valeurs-mesurees-et-reseaux-de-mesure.html#param=messnetz-manuell&station=FRC;https://www.meteosvizzera.admin.ch/servizi-e-pubblicazioni/applicazioni/valori-attuali-e-reti-di-misura.html#param=messnetz-manuell&station=FRC;https://www.meteoswiss.admin.ch/services-and-publications/applications/measurement-values-and-measuring-networks.html#param=messnetz-manuell&station=FRC
FRE;Bullet / La Frétaz;VD;0-20000-0-06619;Automatische Wetterstationen;Stations météorologiques automatiques;Stazioni meteorologiche automatiche;Automatic weather stations;MeteoSchweiz;01.01.1978;1205;1207;2534225;1188082;46.840622;6.576369;Südosthang;Versant sud-est;Versante sud-orientale;south-eastern oriented slope;https://www.meteoschweiz.admin.ch/service-und-publikationen/applikationen/messwerte-und-messnetze.html#param=messnetz-automatisch&station=FRE;https://www.meteosuisse.admin.ch/services-et-publications/applications/valeurs-mesurees-et-reseaux-de-mesure.html#param=messnetz-automatisch&station=FRE;https://www.meteosvizzera.admin.ch/servizi-e-pubblicazioni/applicazioni/valori-attuali-e-reti-di-misura.html#param=messnetz-automatisch&station=FRE;https://www.meteoswiss.admin.ch/services-and-publications/applications/measurement-values-and-measuring-networks.html#param=messnetz-automatisch&station=FRE
FRF;Frauenfeld;TG;0-756-0-FRF;Manuelle Niederschlagsstationen;Stations pluviométriques manuelles;Stazioni pluviometriche manuali;Manual precipitation stations;MeteoSchweiz;01.01.1864;393;;2709481;1270170;47.573097;8.893711;Ebene;Plaine;Pianura;plain;https://www.meteoschweiz.admin.ch/service-und-publikationen/applikationen/messwerte-und-messnetze.html#param=messnetz-manuell&station=FRF;https://www.meteosuisse.admin.ch/services-et-publications/applications/valeurs-mesurees-et-reseaux-de-mesure.html#param=messnetz-manuell&station=FRF;https://www.meteosvizzera.admin.ch/servizi-e-pubblicazioni/applicazioni/valori-attuali-e-reti-di-misura.html#param=messnetz-manuell&station=FRF;https://www.meteoswiss.admin.ch/services-and-publications/applications/measurement-values-and-measuring-networks.html#param=messnetz-manuell&station=FRF
FRI;Frick;AG;0-756-0-FRI;Manuelle Niederschlagsstationen;Stations pluviométriques manuelles;Stazioni pluviometriche manuali;Manual precipitation stations;MeteoSchweiz;01.07.1925;344;;2643356;1262699;47.513606;8.014189;Ebene;Plaine;Pianura;plain;https://www.meteoschweiz.admin.ch/service-und-publikationen/applikationen/messwerte-und-messnetze.html#param=messnetz-manuell&station=FRI;https://www.meteosuisse.admin.ch/services-et-publications/applications/valeurs-mesurees-et-reseaux-de-mesure.html#param=messnetz-manuell&station=FRI;https://www.meteosvizzera.admin.ch/servizi-e-pubblicazioni/applicazioni/valori-attuali-e-reti-di-misura.html#param=messnetz-manuell&station=FRI;https://www.meteoswiss.admin.ch/services-and-publications/applications/measurement-values-and-measuring-networks.html#param=messnetz-manuell&station=FRI
FRU;Frutigen;BE;0-20000-0-06613;Automatische Wetterstationen;Stations météorologiques automatiques;Stazioni meteorologiche automatiche;Automatic weather stations;MeteoSchweiz;01.01.1901;756;;2616773;1160884;46.599003;7.657542;Ebene;Plaine;Pianura;plain;https://www.meteoschweiz.admin.ch/service-und-publikationen/applikationen/messwerte-und-messnetze.html#param=messnetz-automatisch&station=FRU;https://www.meteosuisse.admin.ch/services-et-publications/applications/valeurs-mesurees-et-reseaux-de-mesure.html#param=messnetz-automatisch&station=FRU;https://www.meteosvizzera.admin.ch/servizi-e-pubblicazioni/applicazioni/valori-attuali-e-reti-di-misura.html#param=messnetz-automatisch&station=FRU;https://www.meteoswiss.admin.ch/services-and-publications/applications/measurement-values-and-measuring-networks.html#param=messnetz-automatisch&station=FRU
GAD;Gadmen;BE;0-756-0-GAD;Automatische Niederschlagsstationen;Stations pluviométriques automatiques;Stazioni pluviometriche automatiche;Automatic precipitation stations;Kt. BE, SLF;28.07.1911;1190;;2669741;1176590;46.73685;8.351136;Tal;Vallée;Valle;valley;https://www.meteoschweiz.admin.ch/service-und-publikationen/applikationen/messwerte-und-messnetze.html#param=messnetz-automatisch&station=GAD;https://www.meteosuisse.admin.ch/services-et-publications/applications/valeurs-mesurees-et-reseaux-de-mesure.html#param=messnetz-automatisch&station=GAD;https://www.meteosvizzera.admin.ch/servizi-e-pubblicazioni/applicazioni/valori-attuali-e-reti-di-misura.html#param=messnetz-automatisch&station=GAD;https://www.meteoswiss.admin.ch/services-and-publications/applications/measurement-values-and-measuring-networks.html#param=messnetz-automatisch&station=GAD
GEA;Genève / Aïre;GE;0-756-0-GEA;Manuelle Niederschlagsstationen;Stations pluviométriques manuelles;Stazioni pluviometriche manuali;Manual precipitation stations;MeteoSchweiz;01.01.1968;376;;2495934;1116925;46.195742;6.090508;Ebene;Plaine;Pianura;plain;https://www.meteoschweiz.admin.ch/service-und-publikationen/applikationen/messwerte-und-messnetze.html#param=messnetz-manuell&station=GEA;https://www.meteosuisse.admin.ch/services-et-publications/applications/valeurs-mesurees-et-reseaux-de-mesure.html#param=messnetz-manuell&station=GEA;https://www.meteosvizzera.admin.ch/servizi-e-pubblicazioni/applicazioni/valori-attuali-e-reti-di-misura.html#param=messnetz-manuell&station=GEA;https://www.meteoswiss.admin.ch/services-and-publications/applications/measurement-values-and-measuring-networks.html#param=messnetz-manuell&station=GEA
GEP;Gempen, SO;SO;0-756-0-GEP;Manuelle Niederschlagsstationen;Stations pluviométriques manuelles;Stazioni pluviometriche manuali;Manual precipitation stations;MeteoSchweiz;01.01.1969;587;;2616269;1260414;47.494281;7.654533;Nordosthang;Versant nord-est;Versante nord-orientale;north-eastern oriented slope;https://www.meteoschweiz.admin.ch/service-und-publikationen/applikationen/messwerte-und-messnetze.html#param=messnetz-manuell&station=GEP;https://www.meteosuisse.admin.ch/services-et-publications/applications/valeurs-mesurees-et-reseaux-de-mesure.html#param=messnetz-manuell&station=GEP;https://www.meteosvizzera.admin.ch/servizi-e-pubblicazioni/applicazioni/valori-attuali-e-reti-di-misura.html#param=messnetz-manuell&station=GEP;https://www.meteoswiss.admin.ch/services-and-publications/applications/measurement-values-and-measuring-networks.html#param=messnetz-manuell&station=GEP
GHS;Grosshöchstetten;BE;0-756-0-GHS;Manuelle Niederschlagsstationen;Stations pluviométriques manuelles;Stazioni pluviometriche manuali;Manual precipitation stations;MeteoSchweiz;01.01.1901;755;;2616015;1194885;46.904878;7.648833;Südhang;Versant sud;Versante meridionale;southern oriented slope;https://www.meteoschweiz.admin.ch/service-und-publikationen/applikationen/messwerte-und-messnetze.html#param=messnetz-manuell&station=GHS;https://www.meteosuisse.admin.ch/services-et-publications/applications/valeurs-mesurees-et-reseaux-de-mesure.html#param=messnetz-manuell&station=GHS;https://www.meteosvizzera.admin.ch/servizi-e-pubblicazioni/applicazioni/valori-attuali-e-reti-di-misura.html#param=messnetz-manuell&station=GHS;https://www.meteoswiss.admin.ch/services-and-publications/applications/measurement-values-and-measuring-networks.html#param=messnetz-manuell&station=GHS
GIH;Giswil;OW;0-20000-0-06657;Automatische Wetterstationen;Stations météorologiques automatiques;Stazioni meteorologiche automatiche;Automatic weather stations;MeteoSchweiz;01.08.1976;471;472;2657323;1188976;46.849447;8.190225;Ebene;Plaine;Pianura;plain;https://www.meteoschweiz.admin.ch/service-und-publikationen/applikationen/messwerte-und-messnetze.html#param=messnetz-automatisch&station=GIH;https://www.meteosuisse.admin.ch/services-et-publications/applications/valeurs-mesurees-et-reseaux-de-mesure.html#param=messnetz-automatisch&station=GIH;https://www.meteosvizzera.admin.ch/servizi-e-pubblicazioni/applicazioni/valori-attuali-e-reti-di-misura.html#param=messnetz-automatisch&station=GIH;https://www.meteoswiss.admin.ch/services-and-publications/applications/measurement-values-and-measuring-networks.html#param=messnetz-automatisch&station=GIH
GIN;Grüningen;ZH;0-756-0-GIN;Manuelle Niederschlagsstationen;Stations pluviométriques manuelles;Stazioni pluviometriche manuali;Manual precipitation stations;MeteoSchweiz;01.01.1900;535;;2698753;1236666;47.2735;8.743753;Südhang;Versant sud;Versante meridionale;southern oriented slope;https://www.meteoschweiz.admin.ch/service-und-publikationen/applikationen/messwerte-und-messnetze.html#param=messnetz-manuell&station=GIN;https://www.meteosuisse.admin.ch/services-et-publications/applications/valeurs-mesurees-et-reseaux-de-mesure.html#param=messnetz-manuell&station=GIN;https://www.meteosvizzera.admin.ch/servizi-e-pubblicazioni/applicazioni/valori-attuali-e-reti-di-misura.html#param=messnetz-manuell&station=GIN;https://www.meteoswiss.admin.ch/services-and-publications/applications/measurement-values-and-measuring-networks.html#param=messnetz-manuell&station=GIN
GLA;Glarus;GL;0-20000-0-06685;Automatische Wetterstationen;Stations météorologiques automatiques;Stazioni meteorologiche automatiche;Automatic weather stations;MeteoSchweiz;01.01.1864;517;518;2723757;1210567;47.034586;9.066961;Anhöhe (30 - 100 m über Talsohle);Butte (30-100 m au-dessus du fond de vallée);Collina (30 - 100 m sopra il fondovalle);height (30-100 m above valley);https://www.meteoschweiz.admin.ch/service-und-publikationen/applikationen/messwerte-und-messnetze.html#param=messnetz-automatisch&station=GLA;https://www.meteosuisse.admin.ch/services-et-publications/applications/valeurs-mesurees-et-reseaux-de-mesure.html#param=messnetz-automatisch&station=GLA;https://www.meteosvizzera.admin.ch/servizi-e-pubblicazioni/applicazioni/valori-attuali-e-reti-di-misura.html#param=messnetz-automatisch&station=GLA;https://www.meteoswiss.admin.ch/services-and-publications/applications/measurement-values-and-measuring-networks.html#param=messnetz-automatisch&station=GLA
GOA;Göscheneralp;UR;0-756-0-GOA;Automatische Niederschlagsstationen;Stations pluviométriques automatiques;Stazioni pluviometriche automatiche;Automatic precipitation stations;MeteoSchweiz;01.01.1969;1745;;2681253;1166804;46.647525;8.500025;Tal;Vallée;Valle;valley;https://www.meteoschweiz.admin.ch/service-und-publikationen/applikationen/messwerte-und-messnetze.html#param=messnetz-automatisch&station=GOA;https://www.meteosuisse.admin.ch/services-et-publications/applications/valeurs-mesurees-et-reseaux-de-mesure.html#param=messnetz-automatisch&station=GOA;https://www.meteosvizzera.admin.ch/servizi-e-pubblicazioni/applicazioni/valori-attuali-e-reti-di-misura.html#param=messnetz-automatisch&station=GOA;https://www.meteoswiss.admin.ch/services-and-publications/applications/measurement-values-and-measuring-networks.html#param=messnetz-automatisch&station=GOA
GOE;Gösgen;SO;0-20000-0-06626;Automatische Wetterstationen;Stations météorologiques automatiques;Stazioni meteorologiche automatiche;Automatic weather stations;MeteoSchweiz;01.01.1959;380;382;2640422;1245949;47.363147;7.973733;Ebene;Plaine;Pianura;plain;https://www.meteoschweiz.admin.ch/service-und-publikationen/applikationen/messwerte-und-messnetze.html#param=messnetz-automatisch&station=GOE;https://www.meteosuisse.admin.ch/services-et-publications/applications/valeurs-mesurees-et-reseaux-de-mesure.html#param=messnetz-automatisch&station=GOE;https://www.meteosvizzera.admin.ch/servizi-e-pubblicazioni/applicazioni/valori-attuali-e-reti-di-misura.html#param=messnetz-automatisch&station=GOE;https://www.meteoswiss.admin.ch/services-and-publications/applications/measurement-values-and-measuring-networks.html#param=messnetz-automatisch&station=GOE
GOS;Göschenen;UR;0-20000-0-06668;Automatische Wetterstationen;Stations météorologiques automatiques;Stazioni meteorologiche automatiche;Automatic weather stations;MeteoSchweiz;01.01.1883;950;951;2688477;1171926;46.692678;8.595364;Tal;Vallée;Valle;valley;https://www.meteoschweiz.admin.ch/service-und-publikationen/applikationen/messwerte-und-messnetze.html#param=messnetz-automatisch&station=GOS;https://www.meteosuisse.admin.ch/services-et-publications/applications/valeurs-mesurees-et-reseaux-de-mesure.html#param=messnetz-automatisch&station=GOS;https://www.meteosvizzera.admin.ch/servizi-e-pubblicazioni/applicazioni/valori-attuali-e-reti-di-misura.html#param=messnetz-automatisch&station=GOS;https://www.meteoswiss.admin.ch/services-and-publications/applications/measurement-values-and-measuring-networks.html#param=messnetz-automatisch&station=GOS
GRA;Fribourg / Grangeneuve;FR;0-20000-0-06625;Automatische Wetterstationen;Stations météorologiques automatiques;Stazioni meteorologiche automatiche;Automatic weather stations;MeteoSchweiz;01.01.1900;651;651;2575184;1180076;46.7714;7.113736;Anhöhe (30 - 100 m über Talsohle);Butte (30-100 m au-dessus du fond de vallée);Collina (30 - 100 m sopra il fondovalle);height (30-100 m above valley);https://www.meteoschweiz.admin.ch/service-und-publikationen/applikationen/messwerte-und-messnetze.html#param=messnetz-automatisch&station=GRA;https://www.meteosuisse.admin.ch/services-et-publications/applications/valeurs-mesurees-et-reseaux-de-mesure.html#param=messnetz-automatisch&station=GRA;https://www.meteosvizzera.admin.ch/servizi-e-pubblicazioni/applicazioni/valori-attuali-e-reti-di-misura.html#param=messnetz-automatisch&station=GRA;https://www.meteoswiss.admin.ch/services-and-publications/applications/measurement-values-and-measuring-networks.html#param=messnetz-automatisch&station=GRA
GRC;Grächen;VS;0-20000-0-06728;Automatische Wetterstationen;Stations météorologiques automatiques;Stazioni meteorologiche automatiche;Automatic weather stations;MeteoSchweiz;01.12.1863;1605;1606;2630738;1116062;46.195314;7.836822;Westhang;Versant ouest;Versante occidentale;western oriented slope;https://www.meteoschweiz.admin.ch/service-und-publikationen/applikationen/messwerte-und-messnetze.html#param=messnetz-automatisch&station=GRC;https://www.meteosuisse.admin.ch/services-et-publications/applications/valeurs-mesurees-et-reseaux-de-mesure.html#param=messnetz-automatisch&station=GRC;https://www.meteosvizzera.admin.ch/servizi-e-pubblicazioni/applicazioni/valori-attuali-e-reti-di-misura.html#param=messnetz-automatisch&station=GRC;https://www.meteoswiss.admin.ch/services-and-publications/applications/measurement-values-and-measuring-networks.html#param=messnetz-automatisch&station=GRC
GRH;Grimsel Hospiz;BE;0-20000-0-06744;Automatische Wetterstationen;Stations météorologiques automatiques;Stazioni meteorologiche automatiche;Automatic weather stations;MeteoSchweiz, SLF;01.01.1868;1980;1962;2668583;1158215;46.571689;8.333256;Anhöhe (30 - 100 m über Talsohle);Butte (30-100 m au-dessus du fond de vallée);Collina (30 - 100 m sopra il fondovalle);height (30-100 m above valley);https://www.meteoschweiz.admin.ch/service-und-publikationen/applikationen/messwerte-und-messnetze.html#param=messnetz-automatisch&station=GRH;https://www.meteosuisse.admin.ch/services-et-publications/applications/valeurs-mesurees-et-reseaux-de-mesure.html#param=messnetz-automatisch&station=GRH;https://www.meteosvizzera.admin.ch/servizi-e-pubblicazioni/applicazioni/valori-attuali-e-reti-di-misura.html#param=messnetz-automatisch&station=GRH;https://www.meteoswiss.admin.ch/services-and-publications/applications/measurement-values-and-measuring-networks.html#param=messnetz-automatisch&station=GRH
GRI;Grimentz;VS;0-756-0-GRI;Manuelle Niederschlagsstationen;Stations pluviométriques manuelles;Stazioni pluviometriche manuali;Manual precipitation stations;MeteoSchweiz;15.07.1906;1512;;2610768;1114289;46.179978;7.578081;Tal;Vallée;Valle;valley;https://www.meteoschweiz.admin.ch/service-und-publikationen/applikationen/messwerte-und-messnetze.html#param=messnetz-manuell&station=GRI;https://www.meteosuisse.admin.ch/services-et-publications/applications/valeurs-mesurees-et-reseaux-de-mesure.html#param=messnetz-manuell&station=GRI;https://www.meteosvizzera.admin.ch/servizi-e-pubblicazioni/applicazioni/valori-attuali-e-reti-di-misura.html#param=messnetz-manuell&station=GRI;https://www.meteoswiss.admin.ch/services-and-publications/applications/measurement-values-and-measuring-networks.html#param=messnetz-manuell&station=GRI
GRO;Grono;GR;0-20000-0-06758;Automatische Wetterstationen;Stations météorologiques automatiques;Stazioni meteorologiche automatiche;Automatic weather stations;MeteoSchweiz;01.01.1901;324;324;2733018;1124089;46.255075;9.163758;Tal;Vallée;Valle;valley;https://www.meteoschweiz.admin.ch/service-und-publikationen/applikationen/messwerte-und-messnetze.html#param=messnetz-automatisch&station=GRO;https://www.meteosuisse.admin.ch/services-et-publications/applications/valeurs-mesurees-et-reseaux-de-mesure.html#param=messnetz-automatisch&station=GRO;https://www.meteosvizzera.admin.ch/servizi-e-pubblicazioni/applicazioni/valori-attuali-e-reti-di-misura.html#param=messnetz-automatisch&station=GRO;https://www.meteoswiss.admin.ch/services-and-publications/applications/measurement-values-and-measuring-networks.html#param=messnetz-automatisch&station=GRO
GRY;Gryon;VD;0-756-0-GRY;Manuelle Niederschlagsstationen;Stations pluviométriques manuelles;Stazioni pluviometriche manuali;Manual precipitation stations;MeteoSchweiz;01.05.1902;1158;;2571093;1124889;46.2748;7.063633;Südosthang;Versant sud-est;Versante sud-orientale;south-eastern oriented slope;https://www.meteoschweiz.admin.ch/service-und-publikationen/applikationen/messwerte-und-messnetze.html#param=messnetz-manuell&station=GRY;https://www.meteosuisse.admin.ch/services-et-publications/applications/valeurs-mesurees-et-reseaux-de-mesure.html#param=messnetz-manuell&station=GRY;https://www.meteosvizzera.admin.ch/servizi-e-pubblicazioni/applicazioni/valori-attuali-e-reti-di-misura.html#param=messnetz-manuell&station=GRY;https://www.meteoswiss.admin.ch/services-and-publications/applications/measurement-values-and-measuring-networks.html#param=messnetz-manuell&station=GRY
GSB;Col du Grand St-Bernard;VS;0-20000-0-06717;Automatische Wetterstationen;Stations météorologiques automatiques;Stazioni meteorologiche automatiche;Automatic weather stations;MeteoSchweiz;01.01.1818;2472;2488;2579191;1079754;45.869092;7.170683;Passlage;Col;Passo;pass;https://www.meteoschweiz.admin.ch/service-und-publikationen/applikationen/messwerte-und-messnetze.html#param=messnetz-automatisch&station=GSB;https://www.meteosuisse.admin.ch/services-et-publications/applications/valeurs-mesurees-et-reseaux-de-mesure.html#param=messnetz-automatisch&station=GSB;https://www.meteosvizzera.admin.ch/servizi-e-pubblicazioni/applicazioni/valori-attuali-e-reti-di-misura.html#param=messnetz-automatisch&station=GSB;https://www.meteoswiss.admin.ch/services-and-publications/applications/measurement-values-and-measuring-networks.html#param=messnetz-automatisch&station=GSB
GSG;Gsteig, Gstaad;BE;0-756-0-GSG;Automatische Niederschlagsstationen;Stations pluviométriques automatiques;Stazioni pluviometriche automatiche;Automatic precipitation stations;MeteoSchweiz, SLF;01.01.1901;1196;;2587686;1136142;46.376533;7.278592;Tal;Vallée;Valle;valley;https://www.meteoschweiz.admin.ch/service-und-publikationen/applikationen/messwerte-und-messnetze.html#param=messnetz-automatisch&station=GSG;https://www.meteosuisse.admin.ch/services-et-publications/applications/valeurs-mesurees-et-reseaux-de-mesure.html#param=messnetz-automatisch&station=GSG;https://www.meteosvizzera.admin.ch/servizi-e-pubblicazioni/applicazioni/valori-attuali-e-reti-di-misura.html#param=messnetz-automatisch&station=GSG;https://www.meteoswiss.admin.ch/services-and-publications/applications/measurement-values-and-measuring-networks.html#param=messnetz-automatisch&station=GSG
GSS;Gross, SZ;SZ;0-756-0-GSS;Manuelle Niederschlagsstationen;Stations pluviométriques manuelles;Stazioni pluviometriche manuali;Manual precipitation stations;MeteoSchweiz;01.01.1961;897;;2701800;1218841;47.112731;8.779986;Ebene;Plaine;Pianura;plain;https://www.meteoschweiz.admin.ch/service-und-publikationen/applikationen/messwerte-und-messnetze.html#param=messnetz-manuell&station=GSS;https://www.meteosuisse.admin.ch/services-et-publications/applications/valeurs-mesurees-et-reseaux-de-mesure.html#param=messnetz-manuell&station=GSS;https://www.meteosvizzera.admin.ch/servizi-e-pubblicazioni/applicazioni/valori-attuali-e-reti-di-misura.html#param=messnetz-manuell&station=GSS;https://www.meteoswiss.admin.ch/services-and-publications/applications/measurement-values-and-measuring-networks.html#param=messnetz-manuell&station=GSS
GTT;Guttannen;BE;0-756-0-GTT;Automatische Niederschlagsstationen;Stations pluviométriques automatiques;Stazioni pluviometriche automatiche;Automatic precipitation stations;MeteoSchweiz;01.08.1876;1055;;2665297;1167601;46.656444;8.291717;Tal;Vallée;Valle;valley;https://www.meteoschweiz.admin.ch/service-und-publikationen/applikationen/messwerte-und-messnetze.html#param=messnetz-automatisch&station=GTT;https://www.meteosuisse.admin.ch/services-et-publications/applications/valeurs-mesurees-et-reseaux-de-mesure.html#param=messnetz-automatisch&station=GTT;https://www.meteosvizzera.admin.ch/servizi-e-pubblicazioni/applicazioni/valori-attuali-e-reti-di-misura.html#param=messnetz-automatisch&station=GTT;https://www.meteoswiss.admin.ch/services-and-publications/applications/measurement-values-and-measuring-networks.html#param=messnetz-automatisch&station=GTT
GUE;Gütsch, Andermatt;UR;0-20000-0-06750;Automatische Wetterstationen;Stations météorologiques automatiques;Stazioni meteorologiche automatiche;Automatic weather stations;MeteoSchweiz;01.01.1954;2286;2288;2690087;1167480;46.652475;8.615531;Südhang;Versant sud;Versante meridionale;southern oriented slope;https://www.meteoschweiz.admin.ch/service-und-publikationen/applikationen/messwerte-und-messnetze.html#param=messnetz-automatisch&station=GUE;https://www.meteosuisse.admin.ch/services-et-publications/applications/valeurs-mesurees-et-reseaux-de-mesure.html#param=messnetz-automatisch&station=GUE;https://www.meteosvizzera.admin.ch/servizi-e-pubblicazioni/applicazioni/valori-attuali-e-reti-di-misura.html#param=messnetz-automatisch&station=GUE;https://www.meteoswiss.admin.ch/services-and-publications/applications/measurement-values-and-measuring-networks.html#param=messnetz-automatisch&station=GUE
GUG;Guglera;FR;0-756-0-GUG;Manuelle Niederschlagsstationen;Stations pluviométriques manuelles;Stazioni pluviometriche manuali;Manual precipitation stations;MeteoSchweiz;01.01.1901;879;;2585059;1177645;46.749825;7.243106;Osthang;Versant est;Versante orientale;eastern oriented slope;https://www.meteoschweiz.admin.ch/service-und-publikationen/applikationen/messwerte-und-messnetze.html#param=messnetz-manuell&station=GUG;https://www.meteosuisse.admin.ch/services-et-publications/applications/valeurs-mesurees-et-reseaux-de-mesure.html#param=messnetz-manuell&station=GUG;https://www.meteosvizzera.admin.ch/servizi-e-pubblicazioni/applicazioni/valori-attuali-e-reti-di-misura.html#param=messnetz-manuell&station=GUG;https://www.meteoswiss.admin.ch/services-and-publications/applications/measurement-values-and-measuring-networks.html#param=messnetz-manuell&station=GUG
GUT;Güttingen;TG;0-20000-0-06621;Automatische Wetterstationen;Stations météorologiques automatiques;Stazioni meteorologiche automatiche;Automatic weather stations;MeteoSchweiz;01.01.1959;440;441;2738423;1273962;47.601733;9.279428;Anhöhe (30 - 100 m über Talsohle);Butte (30-100 m au-dessus du fond de vallée);Collina (30 - 100 m sopra il fondovalle);height (30-100 m above valley);https://www.meteoschweiz.admin.ch/service-und-publikationen/applikationen/messwerte-und-messnetze.html#param=messnetz-automatisch&station=GUT;https://www.meteosuisse.admin.ch/services-et-publications/applications/valeurs-mesurees-et-reseaux-de-mesure.html#param=messnetz-automatisch&station=GUT;https://www.meteosvizzera.admin.ch/servizi-e-pubblicazioni/applicazioni/valori-attuali-e-reti-di-misura.html#param=messnetz-automatisch&station=GUT;https://www.meteoswiss.admin.ch/services-and-publications/applications/measurement-values-and-measuring-networks.html#param=messnetz-automatisch&station=GUT
GVE;Genève / Cointrin;GE;0-20000-0-06700;Automatische Wetterstationen;Stations météorologiques automatiques;Stazioni meteorologiche automatiche;Automatic weather stations;MeteoSchweiz;01.01.1753;411;412;2498904;1122632;46.247519;6.127742;Ebene;Plaine;Pianura;plain;https://www.meteoschweiz.admin.ch/service-und-publikationen/applikationen/messwerte-und-messnetze.html#param=messnetz-automatisch&station=GVE;https://www.meteosuisse.admin.ch/services-et-publications/applications/valeurs-mesurees-et-reseaux-de-mesure.html#param=messnetz-automatisch&station=GVE;https://www.meteosvizzera.admin.ch/servizi-e-pubblicazioni/applicazioni/valori-attuali-e-reti-di-misura.html#param=messnetz-automatisch&station=GVE;https://www.meteoswiss.admin.ch/services-and-publications/applications/measurement-values-and-measuring-networks.html#param=messnetz-automatisch&station=GVE
GWA;Grindelwald;BE;0-756-0-GWA;Manuelle Niederschlagsstationen;Stations pluviométriques manuelles;Stazioni pluviometriche manuali;Manual precipitation stations;MeteoSchweiz;01.06.1913;1107;;2643511;1163247;46.619056;8.0067;Nordosthang;Versant nord-est;Versante nord-orientale;north-eastern oriented slope;https://www.meteoschweiz.admin.ch/service-und-publikationen/applikationen/messwerte-und-messnetze.html#param=messnetz-manuell&station=GWA;https://www.meteosuisse.admin.ch/services-et-publications/applications/valeurs-mesurees-et-reseaux-de-mesure.html#param=messnetz-manuell&station=GWA;https://www.meteosvizzera.admin.ch/servizi-e-pubblicazioni/applicazioni/valori-attuali-e-reti-di-misura.html#param=messnetz-manuell&station=GWA;https://www.meteoswiss.admin.ch/services-and-publications/applications/measurement-values-and-measuring-networks.html#param=messnetz-manuell&station=GWA
HAI;Salen-Reutenen;TG;0-20000-0-06623;Automatische Wetterstationen;Stations météorologiques automatiques;Stazioni meteorologiche automatiche;Automatic weather stations;MeteoSchweiz;01.01.1901;719;720;2719100;1279047;47.651242;9.023911;Ebene;Plaine;Pianura;plain;https://www.meteoschweiz.admin.ch/service-und-publikationen/applikationen/messwerte-und-messnetze.html#param=messnetz-automatisch&station=HAI;https://www.meteosuisse.admin.ch/services-et-publications/applications/valeurs-mesurees-et-reseaux-de-mesure.html#param=messnetz-automatisch&station=HAI;https://www.meteosvizzera.admin.ch/servizi-e-pubblicazioni/applicazioni/valori-attuali-e-reti-di-misura.html#param=messnetz-automatisch&station=HAI;https://www.meteoswiss.admin.ch/services-and-publications/applications/measurement-values-and-measuring-networks.html#param=messnetz-automatisch&station=HAI
HAU;Hausen am Albis;ZH;0-756-0-HAU;Manuelle Niederschlagsstationen;Stations pluviométriques manuelles;Stazioni pluviometriche manuali;Manual precipitation stations;MeteoSchweiz;01.01.1961;624;;2681829;1233819;47.250211;8.5196;Südosthang;Versant sud-est;Versante sud-orientale;south-eastern oriented slope;https://www.meteoschweiz.admin.ch/service-und-publikationen/applikationen/messwerte-und-messnetze.html#param=messnetz-manuell&station=HAU;https://www.meteosuisse.admin.ch/services-et-publications/applications/valeurs-mesurees-et-reseaux-de-mesure.html#param=messnetz-manuell&station=HAU;https://www.meteosvizzera.admin.ch/servizi-e-pubblicazioni/applicazioni/valori-attuali-e-reti-di-misura.html#param=messnetz-manuell&station=HAU;https://www.meteoswiss.admin.ch/services-and-publications/applications/measurement-values-and-measuring-networks.html#param=messnetz-manuell&station=HAU
HEB;Herzogenbuchsee;BE;0-756-0-HEB;Manuelle Niederschlagsstationen;Stations pluviométriques manuelles;Stazioni pluviometriche manuali;Manual precipitation stations;MeteoSchweiz;01.01.1901;482;;2620889;1226910;47.192808;7.714283;Ebene;Plaine;Pianura;plain;https://www.meteoschweiz.admin.ch/service-und-publikationen/applikationen/messwerte-und-messnetze.html#param=messnetz-manuell&station=HEB;https://www.meteosuisse.admin.ch/services-et-publications/applications/valeurs-mesurees-et-reseaux-de-mesure.html#param=messnetz-manuell&station=HEB;https://www.meteosvizzera.admin.ch/servizi-e-pubblicazioni/applicazioni/valori-attuali-e-reti-di-misura.html#param=messnetz-manuell&station=HEB;https://www.meteoswiss.admin.ch/services-and-publications/applications/measurement-values-and-measuring-networks.html#param=messnetz-manuell&station=HEB
HEK;Hessigkofen;SO;0-756-0-HEK;Manuelle Niederschlagsstationen;Stations pluviométriques manuelles;Stazioni pluviometriche manuali;Manual precipitation stations;MeteoSchweiz;01.01.1973;580;;2602350;1221220;47.141956;7.469622;Osthang;Versant est;Versante orientale;eastern oriented slope;https://www.meteoschweiz.admin.ch/service-und-publikationen/applikationen/messwerte-und-messnetze.html#param=messnetz-manuell&station=HEK;https://www.meteosuisse.admin.ch/services-et-publications/applications/valeurs-mesurees-et-reseaux-de-mesure.html#param=messnetz-manuell&station=HEK;https://www.meteosvizzera.admin.ch/servizi-e-pubblicazioni/applicazioni/valori-attuali-e-reti-di-misura.html#param=messnetz-manuell&station=HEK;https://www.meteoswiss.admin.ch/services-and-publications/applications/measurement-values-and-measuring-networks.html#param=messnetz-manuell&station=HEK
HER;Hérémence;VS;0-756-0-HER;Manuelle Niederschlagsstationen;Stations pluviométriques manuelles;Stazioni pluviometriche manuali;Manual precipitation stations;MeteoSchweiz;01.02.1906;1218;;2597355;1114092;46.178289;7.404389;Osthang;Versant est;Versante orientale;eastern oriented slope;https://www.meteoschweiz.admin.ch/service-und-publikationen/applikationen/messwerte-und-messnetze.html#param=messnetz-manuell&station=HER;https://www.meteosuisse.admin.ch/services-et-publications/applications/valeurs-mesurees-et-reseaux-de-mesure.html#param=messnetz-manuell&station=HER;https://www.meteosvizzera.admin.ch/servizi-e-pubblicazioni/applicazioni/valori-attuali-e-reti-di-misura.html#param=messnetz-manuell&station=HER;https://www.meteoswiss.admin.ch/services-and-publications/applications/measurement-values-and-measuring-networks.html#param=messnetz-manuell&station=HER
HES;Herisau;AR;0-756-0-HES;Manuelle Niederschlagsstationen;Stations pluviométriques manuelles;Stazioni pluviometriche manuali;Manual precipitation stations;MeteoSchweiz;01.01.1901;700;;2737731;1250830;47.393883;9.263081;Ebene;Plaine;Pianura;plain;https://www.meteoschweiz.admin.ch/service-und-publikationen/applikationen/messwerte-und-messnetze.html#param=messnetz-manuell&station=HES;https://www.meteosuisse.admin.ch/services-et-publications/applications/valeurs-mesurees-et-reseaux-de-mesure.html#param=messnetz-manuell&station=HES;https://www.meteosvizzera.admin.ch/servizi-e-pubblicazioni/applicazioni/valori-attuali-e-reti-di-misura.html#param=messnetz-manuell&station=HES;https://www.meteoswiss.admin.ch/services-and-publications/applications/measurement-values-and-measuring-networks.html#param=messnetz-manuell&station=HES
HIW;Hinwil;ZH;0-756-0-HIW;Automatische Niederschlagsstationen;Stations pluviométriques automatiques;Stazioni pluviometriche automatiche;Automatic precipitation stations;MeteoSchweiz;01.01.1961;539;;2703874;1240717;47.309147;8.812358;Ebene;Plaine;Pianura;plain;https://www.meteoschweiz.admin.ch/service-und-publikationen/applikationen/messwerte-und-messnetze.html#param=messnetz-automatisch&station=HIW;https://www.meteosuisse.admin.ch/services-et-publications/applications/valeurs-mesurees-et-reseaux-de-mesure.html#param=messnetz-automatisch&station=HIW;https://www.meteosvizzera.admin.ch/servizi-e-pubblicazioni/applicazioni/valori-attuali-e-reti-di-misura.html#param=messnetz-automatisch&station=HIW;https://www.meteoswiss.admin.ch/services-and-publications/applications/measurement-values-and-measuring-networks.html#param=messnetz-automatisch&station=HIW
HLL;Hallau;SH;0-20000-0-06624;Automatische Wetterstationen;Stations météorologiques automatiques;Stazioni meteorologiche automatiche;Automatic weather stations;MeteoSchweiz;01.07.1886;419;420;2677457;1283472;47.697278;8.470464;Ebene;Plaine;Pianura;plain;https://www.meteoschweiz.admin.ch/service-und-publikationen/applikationen/messwerte-und-messnetze.html#param=messnetz-automatisch&station=HLL;https://www.meteosuisse.admin.ch/services-et-publications/applications/valeurs-mesurees-et-reseaux-de-mesure.html#param=messnetz-automatisch&station=HLL;https://www.meteosvizzera.admin.ch/servizi-e-pubblicazioni/applicazioni/valori-attuali-e-reti-di-misura.html#param=messnetz-automatisch&station=HLL;https://www.meteoswiss.admin.ch/services-and-publications/applications/measurement-values-and-measuring-networks.html#param=messnetz-automatisch&station=HLL
HOE;Hörnli;ZH;0-20000-0-06689;Automatische Wetterstationen;Stations météorologiques automatiques;Stazioni meteorologiche automatiche;Automatic weather stations;MeteoSchweiz;01.08.1974;1133;1134;2713517;1247756;47.370864;8.941644;Gipfellage;Sommet;Vetta;crest;https://www.meteoschweiz.admin.ch/service-und-publikationen/applikationen/messwerte-und-messnetze.html#param=messnetz-automatisch&station=HOE;https://www.meteosuisse.admin.ch/services-et-publications/applications/valeurs-mesurees-et-reseaux-de-mesure.html#param=messnetz-automatisch&station=HOE;https://www.meteosvizzera.admin.ch/servizi-e-pubblicazioni/applicazioni/valori-attuali-e-reti-di-misura.html#param=messnetz-automatisch&station=HOE;https://www.meteoswiss.admin.ch/services-and-publications/applications/measurement-values-and-measuring-networks.html#param=messnetz-automatisch&station=HOE
HON;Hondrich;BE;0-756-0-HON;Manuelle Niederschlagsstationen;Stations pluviométriques manuelles;Stazioni pluviometriche manuali;Manual precipitation stations;MeteoSchweiz;01.01.1953;760;;2618525;1169130;46.673133;7.680731;Passlage;Col;Passo;pass;https://www.meteoschweiz.admin.ch/service-und-publikationen/applikationen/messwerte-und-messnetze.html#param=messnetz-manuell&station=HON;https://www.meteosuisse.admin.ch/services-et-publications/applications/valeurs-mesurees-et-reseaux-de-mesure.html#param=messnetz-manuell&station=HON;https://www.meteosvizzera.admin.ch/servizi-e-pubblicazioni/applicazioni/valori-attuali-e-reti-di-misura.html#param=messnetz-manuell&station=HON;https://www.meteoswiss.admin.ch/services-and-publications/applications/measurement-values-and-measuring-networks.html#param=messnetz-manuell&station=HON
HOY;Hoch-Ybrig;SZ;0-756-0-HOY;Manuelle Niederschlagsstationen;Stations pluviométriques manuelles;Stazioni pluviometriche manuali;Manual precipitation stations;MeteoSchweiz;01.10.1972;1452;;2702711;1207618;47.011656;8.789444;Passlage;Col;Passo;pass;https://www.meteoschweiz.admin.ch/service-und-publikationen/applikationen/messwerte-und-messnetze.html#param=messnetz-manuell&station=HOY;https://www.meteosuisse.admin.ch/services-et-publications/applications/valeurs-mesurees-et-reseaux-de-mesure.html#param=messnetz-manuell&station=HOY;https://www.meteosvizzera.admin.ch/servizi-e-pubblicazioni/applicazioni/valori-attuali-e-reti-di-misura.html#param=messnetz-manuell&station=HOY;https://www.meteoswiss.admin.ch/services-and-publications/applications/measurement-values-and-measuring-networks.html#param=messnetz-manuell&station=HOY
HTW;Herbetswil;SO;0-756-0-HTW;Manuelle Niederschlagsstationen;Stations pluviométriques manuelles;Stazioni pluviometriche manuali;Manual precipitation stations;MeteoSchweiz;01.01.1900;544;;2611291;1238440;47.296747;7.587917;Südosthang;Versant sud-est;Versante sud-orientale;south-eastern oriented slope;https://www.meteoschweiz.admin.ch/service-und-publikationen/applikationen/messwerte-und-messnetze.html#param=messnetz-manuell&station=HTW;https://www.meteosuisse.admin.ch/services-et-publications/applications/valeurs-mesurees-et-reseaux-de-mesure.html#param=messnetz-manuell&station=HTW;https://www.meteosvizzera.admin.ch/servizi-e-pubblicazioni/applicazioni/valori-attuali-e-reti-di-misura.html#param=messnetz-manuell&station=HTW;https://www.meteoswiss.admin.ch/services-and-publications/applications/measurement-values-and-measuring-networks.html#param=messnetz-manuell&station=HTW
HUT;Huttwil;BE;0-756-0-HUT;Automatische Niederschlagsstationen;Stations pluviométriques automatiques;Stazioni pluviometriche automatiche;Automatic precipitation stations;MeteoSchweiz;01.05.1971;633;;2630261;1218189;47.114003;7.837364;Ebene;Plaine;Pianura;plain;https://www.meteoschweiz.admin.ch/service-und-publikationen/applikationen/messwerte-und-messnetze.html#param=messnetz-automatisch&station=HUT;https://www.meteosuisse.admin.ch/services-et-publications/applications/valeurs-mesurees-et-reseaux-de-mesure.html#param=messnetz-automatisch&station=HUT;https://www.meteosvizzera.admin.ch/servizi-e-pubblicazioni/applicazioni/valori-attuali-e-reti-di-misura.html#param=messnetz-automatisch&station=HUT;https://www.meteoswiss.admin.ch/services-and-publications/applications/measurement-values-and-measuring-networks.html#param=messnetz-automatisch&station=HUT
ILZ;Ilanz;GR;0-20000-0-06789;Automatische Wetterstationen;Stations météorologiques automatiques;Stazioni meteorologiche automatiche;Automatic weather stations;MeteoSchweiz;01.01.1892;698;699;2735686;1181965;46.775039;9.215353;Ebene;Plaine;Pianura;plain;https://www.meteoschweiz.admin.ch/service-und-publikationen/applikationen/messwerte-und-messnetze.html#param=messnetz-automatisch&station=ILZ;https://www.meteosuisse.admin.ch/services-et-publications/applications/valeurs-mesurees-et-reseaux-de-mesure.html#param=messnetz-automatisch&station=ILZ;https://www.meteosvizzera.admin.ch/servizi-e-pubblicazioni/applicazioni/valori-attuali-e-reti-di-misura.html#param=messnetz-automatisch&station=ILZ;https://www.meteoswiss.admin.ch/services-and-publications/applications/measurement-values-and-measuring-networks.html#param=messnetz-automatisch&station=ILZ
INF;Innerferrera;GR;0-756-0-INF;Manuelle Niederschlagsstationen;Stations pluviométriques manuelles;Stazioni pluviometriche manuali;Manual precipitation stations;MeteoSchweiz;01.01.1961;1475;;2753871;1154070;46.520231;9.444031;Tal;Vallée;Valle;valley;https://www.meteoschweiz.admin.ch/service-und-publikationen/applikationen/messwerte-und-messnetze.html#param=messnetz-manuell&station=INF;https://www.meteosuisse.admin.ch/services-et-publications/applications/valeurs-mesurees-et-reseaux-de-mesure.html#param=messnetz-manuell&station=INF;https://www.meteosvizzera.admin.ch/servizi-e-pubblicazioni/applicazioni/valori-attuali-e-reti-di-misura.html#param=messnetz-manuell&station=INF;https://www.meteoswiss.admin.ch/services-and-publications/applications/measurement-values-and-measuring-networks.html#param=messnetz-manuell&station=INF
INN;Innerthal;SZ;0-756-0-INN;Automatische Niederschlagsstationen;Stations pluviométriques automatiques;Stazioni pluviometriche automatiche;Automatic precipitation stations;MeteoSchweiz;01.01.1961;903;;2712080;1218326;47.106439;8.915283;Südhang;Versant sud;Versante meridionale;southern oriented slope;https://www.meteoschweiz.admin.ch/service-und-publikationen/applikationen/messwerte-und-messnetze.html#param=messnetz-automatisch&station=INN;https://www.meteosuisse.admin.ch/services-et-publications/applications/valeurs-mesurees-et-reseaux-de-mesure.html#param=messnetz-automatisch&station=INN;https://www.meteosvizzera.admin.ch/servizi-e-pubblicazioni/applicazioni/valori-attuali-e-reti-di-misura.html#param=messnetz-automatisch&station=INN;https://www.meteoswiss.admin.ch/services-and-publications/applications/measurement-values-and-measuring-networks.html#param=messnetz-automatisch&station=INN
INT;Interlaken;BE;0-20000-0-06734;Automatische Wetterstationen;Stations météorologiques automatiques;Stazioni meteorologiche automatiche;Automatic weather stations;MeteoSchweiz;01.01.1894;578;580;2633043;1169070;46.672033;7.87045;Ebene;Plaine;Pianura;plain;https://www.meteoschweiz.admin.ch/service-und-publikationen/applikationen/messwerte-und-messnetze.html#param=messnetz-automatisch&station=INT;https://www.meteosuisse.admin.ch/services-et-publications/applications/valeurs-mesurees-et-reseaux-de-mesure.html#param=messnetz-automatisch&station=INT;https://www.meteosvizzera.admin.ch/servizi-e-pubblicazioni/applicazioni/valori-attuali-e-reti-di-misura.html#param=messnetz-automatisch&station=INT;https://www.meteoswiss.admin.ch/services-and-publications/applications/measurement-values-and-measuring-networks.html#param=messnetz-automatisch&station=INT
IST;Isenthal;UR;0-756-0-IST;Manuelle Niederschlagsstationen;Stations pluviométriques manuelles;Stazioni pluviometriche manuali;Manual precipitation stations;MeteoSchweiz;01.01.1901;783;;2685532;1196130;46.910769;8.561386;Tal;Vallée;Valle;valley;https://www.meteoschweiz.admin.ch/service-und-publikationen/applikationen/messwerte-und-messnetze.html#param=messnetz-manuell&station=IST;https://www.meteosuisse.admin.ch/services-et-publications/applications/valeurs-mesurees-et-reseaux-de-mesure.html#param=messnetz-manuell&station=IST;https://www.meteosvizzera.admin.ch/servizi-e-pubblicazioni/applicazioni/valori-attuali-e-reti-di-misura.html#param=messnetz-manuell&station=IST;https://www.meteoswiss.admin.ch/services-and-publications/applications/measurement-values-and-measuring-networks.html#param=messnetz-manuell&station=IST
JAU;Jaun;FR;0-756-0-JAU;Manuelle Niederschlagsstationen;Stations pluviométriques manuelles;Stazioni pluviometriche manuali;Manual precipitation stations;MeteoSchweiz;01.01.1901;1029;;2587533;1162270;46.611569;7.275894;Südhang;Versant sud;Versante meridionale;southern oriented slope;https://www.meteoschweiz.admin.ch/service-und-publikationen/applikationen/messwerte-und-messnetze.html#param=messnetz-manuell&station=JAU;https://www.meteosuisse.admin.ch/services-et-publications/applications/valeurs-mesurees-et-reseaux-de-mesure.html#param=messnetz-manuell&station=JAU;https://www.meteosvizzera.admin.ch/servizi-e-pubblicazioni/applicazioni/valori-attuali-e-reti-di-misura.html#param=messnetz-manuell&station=JAU;https://www.meteoswiss.admin.ch/services-and-publications/applications/measurement-values-and-measuring-networks.html#param=messnetz-manuell&station=JAU
JON;Jona;SG;0-756-0-JON;Automatische Niederschlagsstationen;Stations pluviométriques automatiques;Stazioni pluviometriche automatiche;Automatic precipitation stations;MeteoSchweiz;01.01.1961;410;;2706761;1231290;47.223908;8.848289;Ebene;Plaine;Pianura;plain;https://www.meteoschweiz.admin.ch/service-und-publikationen/applikationen/messwerte-und-messnetze.html#param=messnetz-automatisch&station=JON;https://www.meteosuisse.admin.ch/services-et-publications/applications/valeurs-mesurees-et-reseaux-de-mesure.html#param=messnetz-automatisch&station=JON;https://www.meteosvizzera.admin.ch/servizi-e-pubblicazioni/applicazioni/valori-attuali-e-reti-di-misura.html#param=messnetz-automatisch&station=JON;https://www.meteoswiss.admin.ch/services-and-publications/applications/measurement-values-and-measuring-networks.html#param=messnetz-automatisch&station=JON
JUN;Jungfraujoch;VS;0-20000-0-06730;Automatische Wetterstationen;Stations météorologiques automatiques;Stazioni meteorologiche automatiche;Automatic weather stations;MeteoSchweiz;01.01.1931;3571;3576;2641939;1155287;46.547556;7.985444;Passlage;Col;Passo;pass;https://www.meteoschweiz.admin.ch/service-und-publikationen/applikationen/messwerte-und-messnetze.html#param=messnetz-automatisch&station=JUN;https://www.meteosuisse.admin.ch/services-et-publications/applications/valeurs-mesurees-et-reseaux-de-mesure.html#param=messnetz-automatisch&station=JUN;https://www.meteosvizzera.admin.ch/servizi-e-pubblicazioni/applicazioni/valori-attuali-e-reti-di-misura.html#param=messnetz-automatisch&station=JUN;https://www.meteoswiss.admin.ch/services-and-publications/applications/measurement-values-and-measuring-networks.html#param=messnetz-automatisch&station=JUN
JUS;Jussy;GE;0-756-0-JUS;Manuelle Niederschlagsstationen;Stations pluviométriques manuelles;Stazioni pluviometriche manuali;Manual precipitation stations;MeteoSchweiz;01.10.1900;466;;2508909;1120364;46.228553;6.257897;Ebene;Plaine;Pianura;plain;https://www.meteoschweiz.admin.ch/service-und-publikationen/applikationen/messwerte-und-messnetze.html#param=messnetz-manuell&station=JUS;https://www.meteosuisse.admin.ch/services-et-publications/applications/valeurs-mesurees-et-reseaux-de-mesure.html#param=messnetz-manuell&station=JUS;https://www.meteosvizzera.admin.ch/servizi-e-pubblicazioni/applicazioni/valori-attuali-e-reti-di-misura.html#param=messnetz-manuell&station=JUS;https://www.meteoswiss.admin.ch/services-and-publications/applications/measurement-values-and-measuring-networks.html#param=messnetz-manuell&station=JUS
KAI;Kaiserstuhl, AG;AG;0-756-0-KAI;Automatische Niederschlagsstationen;Stations pluviométriques automatiques;Stazioni pluviometriche automatiche;Automatic precipitation stations;MeteoSchweiz;01.01.1901;361;;2673335;1269333;47.570603;8.413231;Ebene;Plaine;Pianura;plain;https://www.meteoschweiz.admin.ch/service-und-publikationen/applikationen/messwerte-und-messnetze.html#param=messnetz-automatisch&station=KAI;https://www.meteosuisse.admin.ch/services-et-publications/applications/valeurs-mesurees-et-reseaux-de-mesure.html#param=messnetz-automatisch&station=KAI;https://www.meteosvizzera.admin.ch/servizi-e-pubblicazioni/applicazioni/valori-attuali-e-reti-di-misura.html#param=messnetz-automatisch&station=KAI;https://www.meteoswiss.admin.ch/services-and-publications/applications/measurement-values-and-measuring-networks.html#param=messnetz-automatisch&station=KAI
KAR;Küssnacht am Rigi;SZ;0-756-0-KAR;Manuelle Niederschlagsstationen;Stations pluviométriques manuelles;Stazioni pluviometriche manuali;Manual precipitation stations;MeteoSchweiz;01.01.1961;502;;2675330;1216766;47.097606;8.430908;Ebene;Plaine;Pianura;plain;https://www.meteoschweiz.admin.ch/service-und-publikationen/applikationen/messwerte-und-messnetze.html#param=messnetz-manuell&station=KAR;https://www.meteosuisse.admin.ch/services-et-publications/applications/valeurs-mesurees-et-reseaux-de-mesure.html#param=messnetz-manuell&station=KAR;https://www.meteosvizzera.admin.ch/servizi-e-pubblicazioni/applicazioni/valori-attuali-e-reti-di-misura.html#param=messnetz-manuell&station=KAR;https://www.meteoswiss.admin.ch/services-and-publications/applications/measurement-values-and-measuring-networks.html#param=messnetz-manuell&station=KAR
KAS;Kandersteg;BE;0-756-0-KAS;Automatische Niederschlagsstationen;Stations pluviométriques automatiques;Stazioni pluviometriche automatiche;Automatic precipitation stations;MeteoSchweiz;01.08.1899;1178;;2618313;1149198;46.493842;7.677167;Tal;Vallée;Valle;valley;https://www.meteoschweiz.admin.ch/service-und-publikationen/applikationen/messwerte-und-messnetze.html#param=messnetz-automatisch&station=KAS;https://www.meteosuisse.admin.ch/services-et-publications/applications/valeurs-mesurees-et-reseaux-de-mesure.html#param=messnetz-automatisch&station=KAS;https://www.meteosvizzera.admin.ch/servizi-e-pubblicazioni/applicazioni/valori-attuali-e-reti-di-misura.html#param=messnetz-automatisch&station=KAS;https://www.meteoswiss.admin.ch/services-and-publications/applications/measurement-values-and-measuring-networks.html#param=messnetz-automatisch&station=KAS
KIB;Kirchberg, SG;SG;0-756-0-KIB;Manuelle Niederschlagsstationen;Stations pluviométriques manuelles;Stazioni pluviometriche manuali;Manual precipitation stations;MeteoSchweiz;01.04.1974;742;;2717907;1253595;47.4226;9.001283;Ebene;Plaine;Pianura;plain;https://www.meteoschweiz.admin.ch/service-und-publikationen/applikationen/messwerte-und-messnetze.html#param=messnetz-manuell&station=KIB;https://www.meteosuisse.admin.ch/services-et-publications/applications/valeurs-mesurees-et-reseaux-de-mesure.html#param=messnetz-manuell&station=KIB;https://www.meteosvizzera.admin.ch/servizi-e-pubblicazioni/applicazioni/valori-attuali-e-reti-di-misura.html#param=messnetz-manuell&station=KIB;https://www.meteoswiss.admin.ch/services-and-publications/applications/measurement-values-and-measuring-networks.html#param=messnetz-manuell&station=KIB
KIE;Kiental;BE;0-756-0-KIE;Automatische Niederschlagsstationen;Stations pluviométriques automatiques;Stazioni pluviometriche automatiche;Automatic precipitation stations;Kt. BE;01.01.1901;930;;2622110;1159075;46.582575;7.727097;Tal;Vallée;Valle;valley;https://www.meteoschweiz.admin.ch/service-und-publikationen/applikationen/messwerte-und-messnetze.html#param=messnetz-automatisch&station=KIE;https://www.meteosuisse.admin.ch/services-et-publications/applications/valeurs-mesurees-et-reseaux-de-mesure.html#param=messnetz-automatisch&station=KIE;https://www.meteosvizzera.admin.ch/servizi-e-pubblicazioni/applicazioni/valori-attuali-e-reti-di-misura.html#param=messnetz-automatisch&station=KIE;https://www.meteoswiss.admin.ch/services-and-publications/applications/measurement-values-and-measuring-networks.html#param=messnetz-automatisch&station=KIE
KIS;Kiesen;BE;0-756-0-KIS;Automatische Niederschlagsstationen;Stations pluviométriques automatiques;Stazioni pluviometriche automatiche;Automatic precipitation stations;MeteoSchweiz;01.01.1972;535;;2610256;1185527;46.820811;7.573036;Ebene;Plaine;Pianura;plain;https://www.meteoschweiz.admin.ch/service-und-publikationen/applikationen/messwerte-und-messnetze.html#param=messnetz-automatisch&station=KIS;https://www.meteosuisse.admin.ch/services-et-publications/applications/valeurs-mesurees-et-reseaux-de-mesure.html#param=messnetz-automatisch&station=KIS;https://www.meteosvizzera.admin.ch/servizi-e-pubblicazioni/applicazioni/valori-attuali-e-reti-di-misura.html#param=messnetz-automatisch&station=KIS;https://www.meteoswiss.admin.ch/services-and-publications/applications/measurement-values-and-measuring-networks.html#param=messnetz-automatisch&station=KIS
KLA;Klosters;GR;0-756-0-KLA;Automatische Niederschlagsstationen;Stations pluviométriques automatiques;Stazioni pluviometriche automatiche;Automatic precipitation stations;MeteoSchweiz;01.01.1864;1186;;2786858;1193366;46.865153;9.889703;Tal;Vallée;Valle;valley;https://www.meteoschweiz.admin.ch/service-und-publikationen/applikationen/messwerte-und-messnetze.html#param=messnetz-automatisch&station=KLA;https://www.meteosuisse.admin.ch/services-et-publications/applications/valeurs-mesurees-et-reseaux-de-mesure.html#param=messnetz-automatisch&station=KLA;https://www.meteosvizzera.admin.ch/servizi-e-pubblicazioni/applicazioni/valori-attuali-e-reti-di-misura.html#param=messnetz-automatisch&station=KLA;https://www.meteoswiss.admin.ch/services-and-publications/applications/measurement-values-and-measuring-networks.html#param=messnetz-automatisch&station=KLA
KLO;Zürich / Kloten;ZH;0-20000-0-06670;Automatische Wetterstationen;Stations météorologiques automatiques;Stazioni meteorologiche automatiche;Automatic weather stations;MeteoSchweiz;01.01.1935;426;428;2682711;1259339;47.479611;8.535961;Ebene;Plaine;Pianura;plain;https://www.meteoschweiz.admin.ch/service-und-publikationen/applikationen/messwerte-und-messnetze.html#param=messnetz-automatisch&station=KLO;https://www.meteosuisse.admin.ch/services-et-publications/applications/valeurs-mesurees-et-reseaux-de-mesure.html#param=messnetz-automatisch&station=KLO;https://www.meteosvizzera.admin.ch/servizi-e-pubblicazioni/applicazioni/valori-attuali-e-reti-di-misura.html#param=messnetz-automatisch&station=KLO;https://www.meteoswiss.admin.ch/services-and-publications/applications/measurement-values-and-measuring-networks.html#param=messnetz-automatisch&station=KLO
KLT;Klöntal;GL;0-756-0-KLT;Manuelle Niederschlagsstationen;Stations pluviométriques manuelles;Stazioni pluviometriche manuali;Manual precipitation stations;MeteoSchweiz;01.01.1901;855;;2718776;1210700;47.036689;9.001478;Ebene;Plaine;Pianura;plain;https://www.meteoschweiz.admin.ch/service-und-publikationen/applikationen/messwerte-und-messnetze.html#param=messnetz-manuell&station=KLT;https://www.meteosuisse.admin.ch/services-et-publications/applications/valeurs-mesurees-et-reseaux-de-mesure.html#param=messnetz-manuell&station=KLT;https://www.meteosvizzera.admin.ch/servizi-e-pubblicazioni/applicazioni/valori-attuali-e-reti-di-misura.html#param=messnetz-manuell&station=KLT;https://www.meteoswiss.admin.ch/services-and-publications/applications/measurement-values-and-measuring-networks.html#param=messnetz-manuell&station=KLT
KOP;Koppigen;BE;0-20000-0-06635;Automatische Wetterstationen;Stations météorologiques automatiques;Stazioni meteorologiche automatiche;Automatic weather stations;MeteoSchweiz;01.11.1960;485;486;2612663;1218665;47.11885;7.605503;Ebene;Plaine;Pianura;plain;https://www.meteoschweiz.admin.ch/service-und-publikationen/applikationen/messwerte-und-messnetze.html#param=messnetz-automatisch&station=KOP;https://www.meteosuisse.admin.ch/services-et-publications/applications/valeurs-mesurees-et-reseaux-de-mesure.html#param=messnetz-automatisch&station=KOP;https://www.meteosvizzera.admin.ch/servizi-e-pubblicazioni/applicazioni/valori-attuali-e-reti-di-misura.html#param=messnetz-automatisch&station=KOP;https://www.meteoswiss.admin.ch/services-and-publications/applications/measurement-values-and-measuring-networks.html#param=messnetz-automatisch&station=KOP
KRO;Kronberg;AI;0-756-0-KRO;Manuelle Niederschlagsstationen;Stations pluviométriques manuelles;Stazioni pluviometriche manuali;Manual precipitation stations;MeteoSchweiz;01.12.1972;1645;;2742874;1239565;47.291494;9.327589;Gipfellage;Sommet;Vetta;crest;https://www.meteoschweiz.admin.ch/service-und-publikationen/applikationen/messwerte-und-messnetze.html#param=messnetz-manuell&station=KRO;https://www.meteosuisse.admin.ch/services-et-publications/applications/valeurs-mesurees-et-reseaux-de-mesure.html#param=messnetz-manuell&station=KRO;https://www.meteosvizzera.admin.ch/servizi-e-pubblicazioni/applicazioni/valori-attuali-e-reti-di-misura.html#param=messnetz-manuell&station=KRO;https://www.meteoswiss.admin.ch/services-and-publications/applications/measurement-values-and-measuring-networks.html#param=messnetz-manuell&station=KRO
KSE;Kleine Scheidegg;BE;0-20000-0-06736;Manuelle Niederschlagsstationen;Stations pluviométriques manuelles;Stazioni pluviometriche manuali;Manual precipitation stations;MeteoSchweiz;01.05.1955;2061;;2639925;1159425;46.584897;7.95955;Passlage;Col;Passo;pass;https://www.meteoschweiz.admin.ch/service-und-publikationen/applikationen/messwerte-und-messnetze.html#param=messnetz-manuell&station=KSE;https://www.meteosuisse.admin.ch/services-et-publications/applications/valeurs-mesurees-et-reseaux-de-mesure.html#param=messnetz-manuell&station=KSE;https://www.meteosvizzera.admin.ch/servizi-e-pubblicazioni/applicazioni/valori-attuali-e-reti-di-misura.html#param=messnetz-manuell&station=KSE;https://www.meteoswiss.admin.ch/services-and-publications/applications/measurement-values-and-measuring-networks.html#param=messnetz-manuell&station=KSE
KUA;Kurzeneialp;BE;0-756-0-KUA;Manuelle Niederschlagsstationen;Stations pluviométriques manuelles;Stazioni pluviometriche manuali;Manual precipitation stations;MeteoSchweiz;01.01.1961;894;;2630577;1207007;47.013403;7.840764;Tal;Vallée;Valle;valley;https://www.meteoschweiz.admin.ch/service-und-publikationen/applikationen/messwerte-und-messnetze.html#param=messnetz-manuell&station=KUA;https://www.meteosuisse.admin.ch/services-et-publications/applications/valeurs-mesurees-et-reseaux-de-mesure.html#param=messnetz-manuell&station=KUA;https://www.meteosvizzera.admin.ch/servizi-e-pubblicazioni/applicazioni/valori-attuali-e-reti-di-misura.html#param=messnetz-manuell&station=KUA;https://www.meteoswiss.admin.ch/services-and-publications/applications/measurement-values-and-measuring-networks.html#param=messnetz-manuell&station=KUA
KUB;Küblis;GR;0-756-0-KUB;Manuelle Niederschlagsstationen;Stations pluviométriques manuelles;Stazioni pluviometriche manuali;Manual precipitation stations;MeteoSchweiz;01.01.1959;839;;2778151;1198341;46.912275;9.777506;Nordhang;Versant nord;Versante settentrionale;northern oriented slope;https://www.meteoschweiz.admin.ch/service-und-publikationen/applikationen/messwerte-und-messnetze.html#param=messnetz-manuell&station=KUB;https://www.meteosuisse.admin.ch/services-et-publications/applications/valeurs-mesurees-et-reseaux-de-mesure.html#param=messnetz-manuell&station=KUB;https://www.meteosvizzera.admin.ch/servizi-e-pubblicazioni/applicazioni/valori-attuali-e-reti-di-misura.html#param=messnetz-manuell&station=KUB;https://www.meteoswiss.admin.ch/services-and-publications/applications/measurement-values-and-measuring-networks.html#param=messnetz-manuell&station=KUB
KUE;Küsnacht, ZH;ZH;0-756-0-KUE;Automatische Niederschlagsstationen;Stations pluviométriques automatiques;Stazioni pluviometriche automatiche;Automatic precipitation stations;MeteoSchweiz;01.01.1900;413;;2686703;1240572;47.310325;8.585281;Ebene;Plaine;Pianura;plain;https://www.meteoschweiz.admin.ch/service-und-publikationen/applikationen/messwerte-und-messnetze.html#param=messnetz-automatisch&station=KUE;https://www.meteosuisse.admin.ch/services-et-publications/applications/valeurs-mesurees-et-reseaux-de-mesure.html#param=messnetz-automatisch&station=KUE;https://www.meteosvizzera.admin.ch/servizi-e-pubblicazioni/applicazioni/valori-attuali-e-reti-di-misura.html#param=messnetz-automatisch&station=KUE;https://www.meteoswiss.admin.ch/services-and-publications/applications/measurement-values-and-measuring-networks.html#param=messnetz-automatisch&station=KUE
LAB;Langenbruck;BL;0-756-0-LAB;Automatische Niederschlagsstationen;Stations pluviométriques automatiques;Stazioni pluviometriche automatiche;Automatic precipitation stations;MeteoSchweiz;01.05.1882;731;;2624250;1244720;47.352886;7.759594;Osthang;Versant est;Versante orientale;eastern oriented slope;https://www.meteoschweiz.admin.ch/service-und-publikationen/applikationen/messwerte-und-messnetze.html#param=messnetz-automatisch&station=LAB;https://www.meteosuisse.admin.ch/services-et-publications/applications/valeurs-mesurees-et-reseaux-de-mesure.html#param=messnetz-automatisch&station=LAB;https://www.meteosvizzera.admin.ch/servizi-e-pubblicazioni/applicazioni/valori-attuali-e-reti-di-misura.html#param=messnetz-automatisch&station=LAB;https://www.meteoswiss.admin.ch/services-and-publications/applications/measurement-values-and-measuring-networks.html#param=messnetz-automatisch&station=LAB
LAC;Lachen / Galgenen;SZ;0-20000-0-06665;Automatische Wetterstationen;Stations météorologiques automatiques;Stazioni meteorologiche automatiche;Automatic weather stations;MeteoSchweiz;01.10.1882;468;;2707638;1226334;47.179197;8.858686;Ebene;Plaine;Pianura;plain;https://www.meteoschweiz.admin.ch/service-und-publikationen/applikationen/messwerte-und-messnetze.html#param=messnetz-automatisch&station=LAC;https://www.meteosuisse.admin.ch/services-et-publications/applications/valeurs-mesurees-et-reseaux-de-mesure.html#param=messnetz-automatisch&station=LAC;https://www.meteosvizzera.admin.ch/servizi-e-pubblicazioni/applicazioni/valori-attuali-e-reti-di-misura.html#param=messnetz-automatisch&station=LAC;https://www.meteoswiss.admin.ch/services-and-publications/applications/measurement-values-and-measuring-networks.html#param=messnetz-automatisch&station=LAC
LAE;Lägern;ZH;0-20000-0-06669;Automatische Wetterstationen;Stations météorologiques automatiques;Stazioni meteorologiche automatiche;Automatic weather stations;MeteoSchweiz;21.11.1989;845;;2672251;1259460;47.481933;8.397222;Gipfellage;Sommet;Vetta;crest;https://www.meteoschweiz.admin.ch/service-und-publikationen/applikationen/messwerte-und-messnetze.html#param=messnetz-automatisch&station=LAE;https://www.meteosuisse.admin.ch/services-et-publications/applications/valeurs-mesurees-et-reseaux-de-mesure.html#param=messnetz-automatisch&station=LAE;https://www.meteosvizzera.admin.ch/servizi-e-pubblicazioni/applicazioni/valori-attuali-e-reti-di-misura.html#param=messnetz-automatisch&station=LAE;https://www.meteoswiss.admin.ch/services-and-publications/applications/measurement-values-and-measuring-networks.html#param=messnetz-automatisch&station=LAE
LAF;Laufen;BL;0-756-0-LAF;Manuelle Niederschlagsstationen;Stations pluviométriques manuelles;Stazioni pluviometriche manuali;Manual precipitation stations;MeteoSchweiz;01.01.1961;404;;2606652;1251464;47.413956;7.526783;Westhang;Versant ouest;Versante occidentale;western oriented slope;https://www.meteoschweiz.admin.ch/service-und-publikationen/applikationen/messwerte-und-messnetze.html#param=messnetz-manuell&station=LAF;https://www.meteosuisse.admin.ch/services-et-publications/applications/valeurs-mesurees-et-reseaux-de-mesure.html#param=messnetz-manuell&station=LAF;https://www.meteosvizzera.admin.ch/servizi-e-pubblicazioni/applicazioni/valori-attuali-e-reti-di-misura.html#param=messnetz-manuell&station=LAF;https://www.meteoswiss.admin.ch/services-and-publications/applications/measurement-values-and-measuring-networks.html#param=messnetz-manuell&station=LAF
LAG;Langnau i.E.;BE;0-20000-0-06638;Automatische Wetterstationen;Stations météorologiques automatiques;Stazioni meteorologiche automatiche;Automatic weather stations;MeteoSchweiz;01.01.1900;744;745;2628004;1198793;46.939633;7.806425;Ebene;Plaine;Pianura;plain;https://www.meteoschweiz.admin.ch/service-und-publikationen/applikationen/messwerte-und-messnetze.html#param=messnetz-automatisch&station=LAG;https://www.meteosuisse.admin.ch/services-et-publications/applications/valeurs-mesurees-et-reseaux-de-mesure.html#param=messnetz-automatisch&station=LAG;https://www.meteosvizzera.admin.ch/servizi-e-pubblicazioni/applicazioni/valori-attuali-e-reti-di-misura.html#param=messnetz-automatisch&station=LAG;https://www.meteoswiss.admin.ch/services-and-publications/applications/measurement-values-and-measuring-networks.html#param=messnetz-automatisch&station=LAG
LAN;Landquart;GR;0-756-0-LAN;Manuelle Niederschlagsstationen;Stations pluviométriques manuelles;Stazioni pluviometriche manuali;Manual precipitation stations;MeteoSchweiz;01.12.1908;533;;2762807;1202849;46.95675;9.577781;Ebene;Plaine;Pianura;plain;https://www.meteoschweiz.admin.ch/service-und-publikationen/applikationen/messwerte-und-messnetze.html#param=messnetz-manuell&station=LAN;https://www.meteosuisse.admin.ch/services-et-publications/applications/valeurs-mesurees-et-reseaux-de-mesure.html#param=messnetz-manuell&station=LAN;https://www.meteosvizzera.admin.ch/servizi-e-pubblicazioni/applicazioni/valori-attuali-e-reti-di-misura.html#param=messnetz-manuell&station=LAN;https://www.meteoswiss.admin.ch/services-and-publications/applications/measurement-values-and-measuring-networks.html#param=messnetz-manuell&station=LAN
LAP;Laupen;BE;0-756-0-LAP;Automatische Niederschlagsstationen;Stations pluviométriques automatiques;Stazioni pluviometriche automatiche;Automatic precipitation stations;MeteoSchweiz;01.01.1972;483;;2584905;1196204;46.916764;7.240475;Ebene;Plaine;Pianura;plain;https://www.meteoschweiz.admin.ch/service-und-publikationen/applikationen/messwerte-und-messnetze.html#param=messnetz-automatisch&station=LAP;https://www.meteosuisse.admin.ch/services-et-publications/applications/valeurs-mesurees-et-reseaux-de-mesure.html#param=messnetz-automatisch&station=LAP;https://www.meteosvizzera.admin.ch/servizi-e-pubblicazioni/applicazioni/valori-attuali-e-reti-di-misura.html#param=messnetz-automatisch&station=LAP;https://www.meteoswiss.admin.ch/services-and-publications/applications/measurement-values-and-measuring-networks.html#param=messnetz-automatisch&station=LAP
LAT;Bergün / Latsch;GR;0-20000-0-06642;Automatische Wetterstationen;Stations météorologiques automatiques;Stazioni meteorologiche automatiche;Automatic weather stations;MeteoSchweiz;01.01.1973;1408;;2777274;1166618;46.627275;9.753706;Südwesthang;Versant sud-ouest;Versante sud-occidentale;south-western oriented slope;https://www.meteoschweiz.admin.ch/service-und-publikationen/applikationen/messwerte-und-messnetze.html#param=messnetz-automatisch&station=LAT;https://www.meteosuisse.admin.ch/services-et-publications/applications/valeurs-mesurees-et-reseaux-de-mesure.html#param=messnetz-automatisch&station=LAT;https://www.meteosvizzera.admin.ch/servizi-e-pubblicazioni/applicazioni/valori-attuali-e-reti-di-misura.html#param=messnetz-automatisch&station=LAT;https://www.meteoswiss.admin.ch/services-and-publications/applications/measurement-values-and-measuring-networks.html#param=messnetz-automatisch&station=LAT
LEH;Lenzerheide;GR;0-756-0-LEH;Manuelle Niederschlagsstationen;Stations pluviométriques manuelles;Stazioni pluviometriche manuali;Manual precipitation stations;MeteoSchweiz;01.01.1961;1400;;2761861;1175890;46.714558;9.555792;Südhang;Versant sud;Versante meridionale;southern oriented slope;https://www.meteoschweiz.admin.ch/service-und-publikationen/applikationen/messwerte-und-messnetze.html#param=messnetz-manuell&station=LEH;https://www.meteosuisse.admin.ch/services-et-publications/applications/valeurs-mesurees-et-reseaux-de-mesure.html#param=messnetz-manuell&station=LEH;https://www.meteosvizzera.admin.ch/servizi-e-pubblicazioni/applicazioni/valori-attuali-e-reti-di-misura.html#param=messnetz-manuell&station=LEH;https://www.meteoswiss.admin.ch/services-and-publications/applications/measurement-values-and-measuring-networks.html#param=messnetz-manuell&station=LEH
LEI;Leibstadt;AG;0-20000-0-06666;Automatische Wetterstationen;Stations météorologiques automatiques;Stazioni meteorologiche automatiche;Automatic weather stations;MeteoSchweiz;15.02.1984;341;343;2656375;1272122;47.597361;8.1882;Ebene;Plaine;Pianura;plain;https://www.meteoschweiz.admin.ch/service-und-publikationen/applikationen/messwerte-und-messnetze.html#param=messnetz-automatisch&station=LEI;https://www.meteosuisse.admin.ch/services-et-publications/applications/valeurs-mesurees-et-reseaux-de-mesure.html#param=messnetz-automatisch&station=LEI;https://www.meteosvizzera.admin.ch/servizi-e-pubblicazioni/applicazioni/valori-attuali-e-reti-di-misura.html#param=messnetz-automatisch&station=LEI;https://www.meteoswiss.admin.ch/services-and-publications/applications/measurement-values-and-measuring-networks.html#param=messnetz-automatisch&station=LEI
LEU;Leukerbad;VS;0-756-0-LEU;Automatische Niederschlagsstationen;Stations pluviométriques automatiques;Stazioni pluviometriche automatiche;Automatic precipitation stations;MeteoSchweiz;01.09.1884;1286;;2614083;1135090;46.367036;7.621639;Tal;Vallée;Valle;valley;https://www.meteoschweiz.admin.ch/service-und-publikationen/applikationen/messwerte-und-messnetze.html#param=messnetz-automatisch&station=LEU;https://www.meteosuisse.admin.ch/services-et-publications/applications/valeurs-mesurees-et-reseaux-de-mesure.html#param=messnetz-automatisch&station=LEU;https://www.meteosvizzera.admin.ch/servizi-e-pubblicazioni/applicazioni/valori-attuali-e-reti-di-misura.html#param=messnetz-automatisch&station=LEU;https://www.meteoswiss.admin.ch/services-and-publications/applications/measurement-values-and-measuring-networks.html#param=messnetz-automatisch&station=LEU
LFB;Laufenburg;AG;0-756-0-LFB;Manuelle Niederschlagsstationen;Stations pluviométriques manuelles;Stazioni pluviometriche manuali;Manual precipitation stations;MeteoSchweiz;01.01.1914;329;;2646358;1266514;47.547714;8.054439;Ebene;Plaine;Pianura;plain;https://www.meteoschweiz.admin.ch/service-und-publikationen/applikationen/messwerte-und-messnetze.html#param=messnetz-manuell&station=LFB;https://www.meteosuisse.admin.ch/services-et-publications/applications/valeurs-mesurees-et-reseaux-de-mesure.html#param=messnetz-manuell&station=LFB;https://www.meteosvizzera.admin.ch/servizi-e-pubblicazioni/applicazioni/valori-attuali-e-reti-di-misura.html#param=messnetz-manuell&station=LFB;https://www.meteoswiss.admin.ch/services-and-publications/applications/measurement-values-and-measuring-networks.html#param=messnetz-manuell&station=LFB
LGA;Langnau am Albis;ZH;0-756-0-LGA;Automatische Niederschlagsstationen;Stations pluviométriques automatiques;Stazioni pluviometriche automatiche;Automatic precipitation stations;MeteoSchweiz;01.03.1971;535;;2682763;1238014;47.287825;8.532708;Osthang;Versant est;Versante orientale;eastern oriented slope;https://www.meteoschweiz.admin.ch/service-und-publikationen/applikationen/messwerte-und-messnetze.html#param=messnetz-automatisch&station=LGA;https://www.meteosuisse.admin.ch/services-et-publications/applications/valeurs-mesurees-et-reseaux-de-mesure.html#param=messnetz-automatisch&station=LGA;https://www.meteosvizzera.admin.ch/servizi-e-pubblicazioni/applicazioni/valori-attuali-e-reti-di-misura.html#param=messnetz-automatisch&station=LGA;https://www.meteoswiss.admin.ch/services-and-publications/applications/measurement-values-and-measuring-networks.html#param=messnetz-automatisch&station=LGA
LOB;Pleigne;JU;0-756-0-LOB;Manuelle Niederschlagsstationen;Stations pluviométriques manuelles;Stazioni pluviometriche manuali;Manual precipitation stations;MeteoSchweiz;01.01.1953;738;;2587683;1251979;47.4185;7.275428;Nordhang;Versant nord;Versante settentrionale;northern oriented slope;https://www.meteoschweiz.admin.ch/service-und-publikationen/applikationen/messwerte-und-messnetze.html#param=messnetz-manuell&station=LOB;https://www.meteosuisse.admin.ch/services-et-publications/applications/valeurs-mesurees-et-reseaux-de-mesure.html#param=messnetz-manuell&station=LOB;https://www.meteosvizzera.admin.ch/servizi-e-pubblicazioni/applicazioni/valori-attuali-e-reti-di-misura.html#param=messnetz-manuell&station=LOB;https://www.meteoswiss.admin.ch/services-and-publications/applications/measurement-values-and-measuring-networks.html#param=messnetz-manuell&station=LOB
LOC;Le Locle;NE;0-756-0-LOC;Manuelle Niederschlagsstationen;Stations pluviométriques manuelles;Stazioni pluviometriche manuali;Manual precipitation stations;MeteoSchweiz;01.01.1946;1033;;2548221;1210613;47.044522;6.757264;Nordhang;Versant nord;Versante settentrionale;northern oriented slope;https://www.meteoschweiz.admin.ch/service-und-publikationen/applikationen/messwerte-und-messnetze.html#param=messnetz-manuell&station=LOC;https://www.meteosuisse.admin.ch/services-et-publications/applications/valeurs-mesurees-et-reseaux-de-mesure.html#param=messnetz-manuell&station=LOC;https://www.meteosvizzera.admin.ch/servizi-e-pubblicazioni/applicazioni/valori-attuali-e-reti-di-misura.html#param=messnetz-manuell&station=LOC;https://www.meteoswiss.admin.ch/services-and-publications/applications/measurement-values-and-measuring-networks.html#param=messnetz-manuell&station=LOC
LOH;Lohn, SH;SH;0-756-0-LOH;Automatische Niederschlagsstationen;Stations pluviométriques automatiques;Stazioni pluviometriche automatiche;Automatic precipitation stations;MeteoSchweiz;01.10.1863;585;;2692911;1289775;47.751944;8.677636;Südosthang;Versant sud-est;Versante sud-orientale;south-eastern oriented slope;https://www.meteoschweiz.admin.ch/service-und-publikationen/applikationen/messwerte-und-messnetze.html#param=messnetz-automatisch&station=LOH;https://www.meteosuisse.admin.ch/services-et-publications/applications/valeurs-mesurees-et-reseaux-de-mesure.html#param=messnetz-automatisch&station=LOH;https://www.meteosvizzera.admin.ch/servizi-e-pubblicazioni/applicazioni/valori-attuali-e-reti-di-misura.html#param=messnetz-automatisch&station=LOH;https://www.meteoswiss.admin.ch/services-and-publications/applications/measurement-values-and-measuring-networks.html#param=messnetz-automatisch&station=LOH
LON;Longirod;VD;0-756-0-LON;Automatische Niederschlagsstationen;Stations pluviométriques automatiques;Stazioni pluviometriche automatiche;Automatic precipitation stations;MeteoSchweiz;01.04.1886;900;;2509387;1150107;46.496139;6.258281;Anhöhe (30 - 100 m über Talsohle);Butte (30-100 m au-dessus du fond de vallée);Collina (30 - 100 m sopra il fondovalle);height (30-100 m above valley);https://www.meteoschweiz.admin.ch/service-und-publikationen/applikationen/messwerte-und-messnetze.html#param=messnetz-automatisch&station=LON;https://www.meteosuisse.admin.ch/services-et-publications/applications/valeurs-mesurees-et-reseaux-de-mesure.html#param=messnetz-automatisch&station=LON;https://www.meteosvizzera.admin.ch/servizi-e-pubblicazioni/applicazioni/valori-attuali-e-reti-di-misura.html#param=messnetz-automatisch&station=LON;https://www.meteoswiss.admin.ch/services-and-publications/applications/measurement-values-and-measuring-networks.html#param=messnetz-automatisch&station=LON
LOT;Lorzentobel;ZG;0-756-0-LOT;Manuelle Niederschlagsstationen;Stations pluviométriques manuelles;Stazioni pluviometriche manuali;Manual precipitation stations;MeteoSchweiz;01.01.1961;534;;2684601;1226130;47.180706;8.554769;Tal;Vallée;Valle;valley;https://www.meteoschweiz.admin.ch/service-und-publikationen/applikationen/messwerte-und-messnetze.html#param=messnetz-manuell&station=LOT;https://www.meteosuisse.admin.ch/services-et-publications/applications/valeurs-mesurees-et-reseaux-de-mesure.html#param=messnetz-manuell&station=LOT;https://www.meteosvizzera.admin.ch/servizi-e-pubblicazioni/applicazioni/valori-attuali-e-reti-di-misura.html#param=messnetz-manuell&station=LOT;https://www.meteoswiss.admin.ch/services-and-publications/applications/measurement-values-and-measuring-networks.html#param=messnetz-manuell&station=LOT
LSN;Lausanne;VD;0-756-0-LSN;Automatische Niederschlagsstationen;Stations pluviométriques automatiques;Stazioni pluviometriche automatiche;Automatic precipitation stations;MeteoSchweiz;01.01.1874;601;;2538976;1153256;46.527819;6.643267;Südhang;Versant sud;Versante meridionale;southern oriented slope;https://www.meteoschweiz.admin.ch/service-und-publikationen/applikationen/messwerte-und-messnetze.html#param=messnetz-automatisch&station=LSN;https://www.meteosuisse.admin.ch/services-et-publications/applications/valeurs-mesurees-et-reseaux-de-mesure.html#param=messnetz-automatisch&station=LSN;https://www.meteosvizzera.admin.ch/servizi-e-pubblicazioni/applicazioni/valori-attuali-e-reti-di-misura.html#param=messnetz-automatisch&station=LSN;https://www.meteoswiss.admin.ch/services-and-publications/applications/measurement-values-and-measuring-networks.html#param=messnetz-automatisch&station=LSN
LTB;Lauterbrunnen;BE;0-756-0-LTB;Automatische Niederschlagsstationen;Stations pluviométriques automatiques;Stazioni pluviometriche automatiche;Automatic precipitation stations;MeteoSchweiz;01.08.1899;815;;2635851;1160291;46.592917;7.906464;Osthang;Versant est;Versante orientale;eastern oriented slope;https://www.meteoschweiz.admin.ch/service-und-publikationen/applikationen/messwerte-und-messnetze.html#param=messnetz-automatisch&station=LTB;https://www.meteosuisse.admin.ch/services-et-publications/applications/valeurs-mesurees-et-reseaux-de-mesure.html#param=messnetz-automatisch&station=LTB;https://www.meteosvizzera.admin.ch/servizi-e-pubblicazioni/applicazioni/valori-attuali-e-reti-di-misura.html#param=messnetz-automatisch&station=LTB;https://www.meteoswiss.admin.ch/services-and-publications/applications/measurement-values-and-measuring-networks.html#param=messnetz-automatisch&station=LTB
LUG;Lugano;TI;0-20000-0-06770;Automatische Wetterstationen;Stations météorologiques automatiques;Stazioni meteorologiche automatiche;Automatic weather stations;MeteoSchweiz;01.01.1864;273;301;2717874;1095883;46.004217;8.960322;Ebene;Plaine;Pianura;plain;https://www.meteoschweiz.admin.ch/service-und-publikationen/applikationen/messwerte-und-messnetze.html#param=messnetz-automatisch&station=LUG;https://www.meteosuisse.admin.ch/services-et-publications/applications/valeurs-mesurees-et-reseaux-de-mesure.html#param=messnetz-automatisch&station=LUG;https://www.meteosvizzera.admin.ch/servizi-e-pubblicazioni/applicazioni/valori-attuali-e-reti-di-misura.html#param=messnetz-automatisch&station=LUG;https://www.meteoswiss.admin.ch/services-and-publications/applications/measurement-values-and-measuring-networks.html#param=messnetz-automatisch&station=LUG
LUN;Lungern;OW;0-756-0-LUN;Manuelle Niederschlagsstationen;Stations pluviométriques manuelles;Stazioni pluviometriche manuali;Manual precipitation stations;MeteoSchweiz;01.05.1904;761;;2655415;1181869;46.785681;8.16435;Westhang;Versant ouest;Versante occidentale;western oriented slope;https://www.meteoschweiz.admin.ch/service-und-publikationen/applikationen/messwerte-und-messnetze.html#param=messnetz-manuell&station=LUN;https://www.meteosuisse.admin.ch/services-et-publications/applications/valeurs-mesurees-et-reseaux-de-mesure.html#param=messnetz-manuell&station=LUN;https://www.meteosvizzera.admin.ch/servizi-e-pubblicazioni/applicazioni/valori-attuali-e-reti-di-misura.html#param=messnetz-manuell&station=LUN;https://www.meteoswiss.admin.ch/services-and-publications/applications/measurement-values-and-measuring-networks.html#param=messnetz-manuell&station=LUN
LUT;Luthern;LU;0-756-0-LUT;Manuelle Niederschlagsstationen;Stations pluviométriques manuelles;Stazioni pluviometriche manuali;Manual precipitation stations;MeteoSchweiz;01.01.1910;768;;2636489;1212026;47.058247;7.918914;Westhang;Versant ouest;Versante occidentale;western oriented slope;https://www.meteoschweiz.admin.ch/service-und-publikationen/applikationen/messwerte-und-messnetze.html#param=messnetz-manuell&station=LUT;https://www.meteosuisse.admin.ch/services-et-publications/applications/valeurs-mesurees-et-reseaux-de-mesure.html#param=messnetz-manuell&station=LUT;https://www.meteosvizzera.admin.ch/servizi-e-pubblicazioni/applicazioni/valori-attuali-e-reti-di-misura.html#param=messnetz-manuell&station=LUT;https://www.meteoswiss.admin.ch/services-and-publications/applications/measurement-values-and-measuring-networks.html#param=messnetz-manuell&station=LUT
LUZ;Luzern;LU;0-20000-0-06650;Automatische Wetterstationen;Stations météorologiques automatiques;Stazioni meteorologiche automatiche;Automatic weather stations;MeteoSchweiz;01.01.1864;454;456;2665545;1209850;47.036439;8.301022;Ebene;Plaine;Pianura;plain;https://www.meteoschweiz.admin.ch/service-und-publikationen/applikationen/messwerte-und-messnetze.html#param=messnetz-automatisch&station=LUZ;https://www.meteosuisse.admin.ch/services-et-publications/applications/valeurs-mesurees-et-reseaux-de-mesure.html#param=messnetz-automatisch&station=LUZ;https://www.meteosvizzera.admin.ch/servizi-e-pubblicazioni/applicazioni/valori-attuali-e-reti-di-misura.html#param=messnetz-automatisch&station=LUZ;https://www.meteoswiss.admin.ch/services-and-publications/applications/measurement-values-and-measuring-networks.html#param=messnetz-automatisch&station=LUZ
MAB;Martigny;VS;0-756-0-MAB;Automatische Niederschlagsstationen;Stations pluviométriques automatiques;Stazioni pluviometriche automatiche;Automatic precipitation stations;MeteoSchweiz;01.01.1959;461;;2570919;1106546;46.109789;7.062517;Ebene;Plaine;Pianura;plain;https://www.meteoschweiz.admin.ch/service-und-publikationen/applikationen/messwerte-und-messnetze.html#param=messnetz-automatisch&station=MAB;https://www.meteosuisse.admin.ch/services-et-publications/applications/valeurs-mesurees-et-reseaux-de-mesure.html#param=messnetz-automatisch&station=MAB;https://www.meteosvizzera.admin.ch/servizi-e-pubblicazioni/applicazioni/valori-attuali-e-reti-di-misura.html#param=messnetz-automatisch&station=MAB;https://www.meteoswiss.admin.ch/services-and-publications/applications/measurement-values-and-measuring-networks.html#param=messnetz-automatisch&station=MAB
MAC;Morges;VD;0-756-0-MAC;Manuelle Niederschlagsstationen;Stations pluviométriques manuelles;Stazioni pluviometriche manuali;Manual precipitation stations;MeteoSchweiz;01.01.1961;374;;2528809;1152122;46.516608;6.510939;Ebene;Plaine;Pianura;plain;https://www.meteoschweiz.admin.ch/service-und-publikationen/applikationen/messwerte-und-messnetze.html#param=messnetz-manuell&station=MAC;https://www.meteosuisse.admin.ch/services-et-publications/applications/valeurs-mesurees-et-reseaux-de-mesure.html#param=messnetz-manuell&station=MAC;https://www.meteosvizzera.admin.ch/servizi-e-pubblicazioni/applicazioni/valori-attuali-e-reti-di-misura.html#param=messnetz-manuell&station=MAC;https://www.meteoswiss.admin.ch/services-and-publications/applications/measurement-values-and-measuring-networks.html#param=messnetz-manuell&station=MAC
MAD;Madiswil;BE;0-756-0-MAD;Manuelle Niederschlagsstationen;Stations pluviométriques manuelles;Stazioni pluviometriche manuali;Manual precipitation stations;MeteoSchweiz;01.11.1971;663;;2629397;1223378;47.160717;7.826306;Ebene;Plaine;Pianura;plain;https://www.meteoschweiz.admin.ch/service-und-publikationen/applikationen/messwerte-und-messnetze.html#param=messnetz-manuell&station=MAD;https://www.meteosuisse.admin.ch/services-et-publications/applications/valeurs-mesurees-et-reseaux-de-mesure.html#param=messnetz-manuell&station=MAD;https://www.meteosvizzera.admin.ch/servizi-e-pubblicazioni/applicazioni/valori-attuali-e-reti-di-misura.html#param=messnetz-manuell&station=MAD;https://www.meteoswiss.admin.ch/services-and-publications/applications/measurement-values-and-measuring-networks.html#param=messnetz-manuell&station=MAD
MAG;Magadino / Cadenazzo;TI;0-20000-0-06762;Automatische Wetterstationen;Stations météorologiques automatiques;Stazioni meteorologiche automatiche;Automatic weather stations;MeteoSchweiz;01.06.1953;203;205;2715480;1113161;46.160025;8.933672;Ebene;Plaine;Pianura;plain;https://www.meteoschweiz.admin.ch/service-und-publikationen/applikationen/messwerte-und-messnetze.html#param=messnetz-automatisch&station=MAG;https://www.meteosuisse.admin.ch/services-et-publications/applications/valeurs-mesurees-et-reseaux-de-mesure.html#param=messnetz-automatisch&station=MAG;https://www.meteosvizzera.admin.ch/servizi-e-pubblicazioni/applicazioni/valori-attuali-e-reti-di-misura.html#param=messnetz-automatisch&station=MAG;https://www.meteoswiss.admin.ch/services-and-publications/applications/measurement-values-and-measuring-networks.html#param=messnetz-automatisch&station=MAG
MAL;Malbun;FL;0-756-0-MAL;Automatische Niederschlagsstationen;Stations pluviométriques automatiques;Stazioni pluviometriche automatiche;Automatic precipitation stations;MeteoSchweiz;01.02.1974;1610;;2764703;1219184;47.103161;9.608608;Westhang;Versant ouest;Versante occidentale;western oriented slope;https://www.meteoschweiz.admin.ch/service-und-publikationen/applikationen/messwerte-und-messnetze.html#param=messnetz-automatisch&station=MAL;https://www.meteosuisse.admin.ch/services-et-publications/applications/valeurs-mesurees-et-reseaux-de-mesure.html#param=messnetz-automatisch&station=MAL;https://www.meteosvizzera.admin.ch/servizi-e-pubblicazioni/applicazioni/valori-attuali-e-reti-di-misura.html#param=messnetz-automatisch&station=MAL;https://www.meteoswiss.admin.ch/services-and-publications/applications/measurement-values-and-measuring-networks.html#param=messnetz-automatisch&station=MAL
MAR;Les Marécottes;VS;0-20000-0-06614;Automatische Wetterstationen;Stations météorologiques automatiques;Stazioni meteorologiche automatiche;Automatic weather stations;MeteoSchweiz;01.01.1961;990;;2567374;1107577;46.118903;7.016597;Südosthang;Versant sud-est;Versante sud-orientale;south-eastern oriented slope;https://www.meteoschweiz.admin.ch/service-und-publikationen/applikationen/messwerte-und-messnetze.html#param=messnetz-automatisch&station=MAR;https://www.meteosuisse.admin.ch/services-et-publications/applications/valeurs-mesurees-et-reseaux-de-mesure.html#param=messnetz-automatisch&station=MAR;https://www.meteosvizzera.admin.ch/servizi-e-pubblicazioni/applicazioni/valori-attuali-e-reti-di-misura.html#param=messnetz-automatisch&station=MAR;https://www.meteoswiss.admin.ch/services-and-publications/applications/measurement-values-and-measuring-networks.html#param=messnetz-automatisch&station=MAR
MAS;Marsens;FR;0-20000-0-06640;Automatische Wetterstationen;Stations météorologiques automatiques;Stazioni meteorologiche automatiche;Automatic weather stations;MeteoSchweiz;01.01.1901;715;;2571758;1167317;46.656486;7.069669;Ebene;Plaine;Pianura;plain;https://www.meteoschweiz.admin.ch/service-und-publikationen/applikationen/messwerte-und-messnetze.html#param=messnetz-automatisch&station=MAS;https://www.meteosuisse.admin.ch/services-et-publications/applications/valeurs-mesurees-et-reseaux-de-mesure.html#param=messnetz-automatisch&station=MAS;https://www.meteosvizzera.admin.ch/servizi-e-pubblicazioni/applicazioni/valori-attuali-e-reti-di-misura.html#param=messnetz-automatisch&station=MAS;https://www.meteoswiss.admin.ch/services-and-publications/applications/measurement-values-and-measuring-networks.html#param=messnetz-automatisch&station=MAS
MAT;Martina;GR;0-756-0-MAT;Automatische Niederschlagsstationen;Stations pluviométriques automatiques;Stazioni pluviometriche automatiche;Automatic precipitation stations;MeteoSchweiz;01.01.1901;1041;;2830465;1196986;46.884011;10.463031;Tal;Vallée;Valle;valley;https://www.meteoschweiz.admin.ch/service-und-publikationen/applikationen/messwerte-und-messnetze.html#param=messnetz-automatisch&station=MAT;https://www.meteosuisse.admin.ch/services-et-publications/applications/valeurs-mesurees-et-reseaux-de-mesure.html#param=messnetz-automatisch&station=MAT;https://www.meteosvizzera.admin.ch/servizi-e-pubblicazioni/applicazioni/valori-attuali-e-reti-di-misura.html#param=messnetz-automatisch&station=MAT;https://www.meteoswiss.admin.ch/services-and-publications/applications/measurement-values-and-measuring-networks.html#param=messnetz-automatisch&station=MAT
MBA;Marbach, LU;LU;0-756-0-MBA;Manuelle Niederschlagsstationen;Stations pluviométriques manuelles;Stazioni pluviometriche manuali;Manual precipitation stations;MeteoSchweiz;01.01.1901;864;;2635347;1189680;46.857311;7.902158;Ebene;Plaine;Pianura;plain;https://www.meteoschweiz.admin.ch/service-und-publikationen/applikationen/messwerte-und-messnetze.html#param=messnetz-manuell&station=MBA;https://www.meteosuisse.admin.ch/services-et-publications/applications/valeurs-mesurees-et-reseaux-de-mesure.html#param=messnetz-manuell&station=MBA;https://www.meteosvizzera.admin.ch/servizi-e-pubblicazioni/applicazioni/valori-attuali-e-reti-di-misura.html#param=messnetz-manuell&station=MBA;https://www.meteoswiss.admin.ch/services-and-publications/applications/measurement-values-and-measuring-networks.html#param=messnetz-manuell&station=MBA
MDO;Moudon;VD;0-756-0-MDO;Manuelle Niederschlagsstationen;Stations pluviométriques manuelles;Stazioni pluviometriche manuali;Manual precipitation stations;MeteoSchweiz;01.01.1901;563;;2551369;1169636;46.676178;6.803058;Südosthang;Versant sud-est;Versante sud-orientale;south-eastern oriented slope;https://www.meteoschweiz.admin.ch/service-und-publikationen/applikationen/messwerte-und-messnetze.html#param=messnetz-manuell&station=MDO;https://www.meteosuisse.admin.ch/services-et-publications/applications/valeurs-mesurees-et-reseaux-de-mesure.html#param=messnetz-manuell&station=MDO;https://www.meteosvizzera.admin.ch/servizi-e-pubblicazioni/applicazioni/valori-attuali-e-reti-di-misura.html#param=messnetz-manuell&station=MDO;https://www.meteoswiss.admin.ch/services-and-publications/applications/measurement-values-and-measuring-networks.html#param=messnetz-manuell&station=MDO
MER;Meiringen;BE;0-20000-0-06637;Automatische Wetterstationen;Stations météorologiques automatiques;Stazioni meteorologiche automatiche;Automatic weather stations;MeteoSchweiz;01.07.1889;589;589;2655844;1175930;46.732222;8.169247;Ebene;Plaine;Pianura;plain;https://www.meteoschweiz.admin.ch/service-und-publikationen/applikationen/messwerte-und-messnetze.html#param=messnetz-automatisch&station=MER;https://www.meteosuisse.admin.ch/services-et-publications/applications/valeurs-mesurees-et-reseaux-de-mesure.html#param=messnetz-automatisch&station=MER;https://www.meteosvizzera.admin.ch/servizi-e-pubblicazioni/applicazioni/valori-attuali-e-reti-di-misura.html#param=messnetz-automatisch&station=MER;https://www.meteoswiss.admin.ch/services-and-publications/applications/measurement-values-and-measuring-networks.html#param=messnetz-automatisch&station=MER
MES;Mesocco;GR;0-756-0-MES;Manuelle Niederschlagsstationen;Stations pluviométriques manuelles;Stazioni pluviometriche manuali;Manual precipitation stations;MeteoSchweiz;01.01.1900;825;;2737852;1139822;46.395592;9.231092;Osthang;Versant est;Versante orientale;eastern oriented slope;https://www.meteoschweiz.admin.ch/service-und-publikationen/applikationen/messwerte-und-messnetze.html#param=messnetz-manuell&station=MES;https://www.meteosuisse.admin.ch/services-et-publications/applications/valeurs-mesurees-et-reseaux-de-mesure.html#param=messnetz-manuell&station=MES;https://www.meteosvizzera.admin.ch/servizi-e-pubblicazioni/applicazioni/valori-attuali-e-reti-di-misura.html#param=messnetz-manuell&station=MES;https://www.meteoswiss.admin.ch/services-and-publications/applications/measurement-values-and-measuring-networks.html#param=messnetz-manuell&station=MES
MEV;Mervelier;JU;0-756-0-MEV;Automatische Niederschlagsstationen;Stations pluviométriques automatiques;Stazioni pluviometriche automatiche;Automatic precipitation stations;MeteoSchweiz;01.01.1906;540;;2603884;1243975;47.346619;7.490042;Ebene;Plaine;Pianura;plain;https://www.meteoschweiz.admin.ch/service-und-publikationen/applikationen/messwerte-und-messnetze.html#param=messnetz-automatisch&station=MEV;https://www.meteosuisse.admin.ch/services-et-publications/applications/valeurs-mesurees-et-reseaux-de-mesure.html#param=messnetz-automatisch&station=MEV;https://www.meteosvizzera.admin.ch/servizi-e-pubblicazioni/applicazioni/valori-attuali-e-reti-di-misura.html#param=messnetz-automatisch&station=MEV;https://www.meteoswiss.admin.ch/services-and-publications/applications/measurement-values-and-measuring-networks.html#param=messnetz-automatisch&station=MEV
MGB;Mogelsberg;SG;0-756-0-MGB;Manuelle Niederschlagsstationen;Stations pluviométriques manuelles;Stazioni pluviometriche manuali;Manual precipitation stations;MeteoSchweiz;01.11.1972;780;;2728363;1247074;47.361997;9.137958;Nordwesthang;Versant nord-ouest;Versante nord-occidentale;north-western oriented slope;https://www.meteoschweiz.admin.ch/service-und-publikationen/applikationen/messwerte-und-messnetze.html#param=messnetz-manuell&station=MGB;https://www.meteosuisse.admin.ch/services-et-publications/applications/valeurs-mesurees-et-reseaux-de-mesure.html#param=messnetz-manuell&station=MGB;https://www.meteosvizzera.admin.ch/servizi-e-pubblicazioni/applicazioni/valori-attuali-e-reti-di-misura.html#param=messnetz-manuell&station=MGB;https://www.meteoswiss.admin.ch/services-and-publications/applications/measurement-values-and-measuring-networks.html#param=messnetz-manuell&station=MGB
MGI;Morgins;VS;0-756-0-MGI;Manuelle Niederschlagsstationen;Stations pluviométriques manuelles;Stazioni pluviometriche manuali;Manual precipitation stations;MeteoSchweiz;01.01.1975;1341;;2554717;1120676;46.235994;6.851594;Tal;Vallée;Valle;valley;https://www.meteoschweiz.admin.ch/service-und-publikationen/applikationen/messwerte-und-messnetze.html#param=messnetz-manuell&station=MGI;https://www.meteosuisse.admin.ch/services-et-publications/applications/valeurs-mesurees-et-reseaux-de-mesure.html#param=messnetz-manuell&station=MGI;https://www.meteosvizzera.admin.ch/servizi-e-pubblicazioni/applicazioni/valori-attuali-e-reti-di-misura.html#param=messnetz-manuell&station=MGI;https://www.meteoswiss.admin.ch/services-and-publications/applications/measurement-values-and-measuring-networks.html#param=messnetz-manuell&station=MGI
MGL;Magglingen;BE;0-756-0-MGL;Automatische Niederschlagsstationen;Stations pluviométriques automatiques;Stazioni pluviometriche automatiche;Automatic precipitation stations;MeteoSchweiz;01.01.1959;883;;2583037;1221116;47.1408;7.215022;Südosthang;Versant sud-est;Versante sud-orientale;south-eastern oriented slope;https://www.meteoschweiz.admin.ch/service-und-publikationen/applikationen/messwerte-und-messnetze.html#param=messnetz-automatisch&station=MGL;https://www.meteosuisse.admin.ch/services-et-publications/applications/valeurs-mesurees-et-reseaux-de-mesure.html#param=messnetz-automatisch&station=MGL;https://www.meteosvizzera.admin.ch/servizi-e-pubblicazioni/applicazioni/valori-attuali-e-reti-di-misura.html#param=messnetz-automatisch&station=MGL;https://www.meteoswiss.admin.ch/services-and-publications/applications/measurement-values-and-measuring-networks.html#param=messnetz-automatisch&station=MGL
MLS;Le Moléson;FR;0-20000-0-06609;Automatische Wetterstationen;Stations météorologiques automatiques;Stazioni meteorologiche automatiche;Automatic weather stations;MeteoSchweiz;21.09.1982;1974;1976;2567718;1155077;46.546197;7.017753;Gipfellage;Sommet;Vetta;crest;https://www.meteoschweiz.admin.ch/service-und-publikationen/applikationen/messwerte-und-messnetze.html#param=messnetz-automatisch&station=MLS;https://www.meteosuisse.admin.ch/services-et-publications/applications/valeurs-mesurees-et-reseaux-de-mesure.html#param=messnetz-automatisch&station=MLS;https://www.meteosvizzera.admin.ch/servizi-e-pubblicazioni/applicazioni/valori-attuali-e-reti-di-misura.html#param=messnetz-automatisch&station=MLS;https://www.meteoswiss.admin.ch/services-and-publications/applications/measurement-values-and-measuring-networks.html#param=messnetz-automatisch&station=MLS
MMO;Mormont;JU;0-756-0-MMO;Automatische Niederschlagsstationen;Stations pluviométriques automatiques;Stazioni pluviometriche automatiche;Automatic precipitation stations;MeteoSchweiz;01.01.1889;535;;2569727;1254224;47.438111;7.037333;Südosthang;Versant sud-est;Versante sud-orientale;south-eastern oriented slope;https://www.meteoschweiz.admin.ch/service-und-publikationen/applikationen/messwerte-und-messnetze.html#param=messnetz-automatisch&station=MMO;https://www.meteosuisse.admin.ch/services-et-publications/applications/valeurs-mesurees-et-reseaux-de-mesure.html#param=messnetz-automatisch&station=MMO;https://www.meteosvizzera.admin.ch/servizi-e-pubblicazioni/applicazioni/valori-attuali-e-reti-di-misura.html#param=messnetz-automatisch&station=MMO;https://www.meteoswiss.admin.ch/services-and-publications/applications/measurement-values-and-measuring-networks.html#param=messnetz-automatisch&station=MMO
MOA;Mosen;LU;0-20000-0-06644;Automatische Wetterstationen;Stations météorologiques automatiques;Stazioni meteorologiche automatiche;Automatic weather stations;MeteoSchweiz;01.01.1901;453;454;2660129;1232852;47.243847;8.232831;Ebene;Plaine;Pianura;plain;https://www.meteoschweiz.admin.ch/service-und-publikationen/applikationen/messwerte-und-messnetze.html#param=messnetz-automatisch&station=MOA;https://www.meteosuisse.admin.ch/services-et-publications/applications/valeurs-mesurees-et-reseaux-de-mesure.html#param=messnetz-automatisch&station=MOA;https://www.meteosvizzera.admin.ch/servizi-e-pubblicazioni/applicazioni/valori-attuali-e-reti-di-misura.html#param=messnetz-automatisch&station=MOA;https://www.meteoswiss.admin.ch/services-and-publications/applications/measurement-values-and-measuring-networks.html#param=messnetz-automatisch&station=MOA
MOB;Montagnier, Bagnes;VS;0-20000-0-06615;Automatische Wetterstationen;Stations météorologiques automatiques;Stazioni meteorologiche automatiche;Automatic weather stations;MeteoSchweiz;01.03.1906;839;840;2583491;1102189;46.071019;7.225272;Tal;Vallée;Valle;valley;https://www.meteoschweiz.admin.ch/service-und-publikationen/applikationen/messwerte-und-messnetze.html#param=messnetz-automatisch&station=MOB;https://www.meteosuisse.admin.ch/services-et-publications/applications/valeurs-mesurees-et-reseaux-de-mesure.html#param=messnetz-automatisch&station=MOB;https://www.meteosvizzera.admin.ch/servizi-e-pubblicazioni/applicazioni/valori-attuali-e-reti-di-misura.html#param=messnetz-automatisch&station=MOB;https://www.meteoswiss.admin.ch/services-and-publications/applications/measurement-values-and-measuring-networks.html#param=messnetz-automatisch&station=MOB
MOD;Montagne du Droit;BE;0-756-0-MOD;Manuelle Niederschlagsstationen;Stations pluviométriques manuelles;Stazioni pluviometriche manuali;Manual precipitation stations;MeteoSchweiz;01.01.1959;1170;;2561830;1222151;47.149228;6.935375;Nordwesthang;Versant nord-ouest;Versante nord-occidentale;north-western oriented slope;https://www.meteoschweiz.admin.ch/service-und-publikationen/applikationen/messwerte-und-messnetze.html#param=messnetz-manuell&station=MOD;https://www.meteosuisse.admin.ch/services-et-publications/applications/valeurs-mesurees-et-reseaux-de-mesure.html#param=messnetz-manuell&station=MOD;https://www.meteosvizzera.admin.ch/servizi-e-pubblicazioni/applicazioni/valori-attuali-e-reti-di-misura.html#param=messnetz-manuell&station=MOD;https://www.meteoswiss.admin.ch/services-and-publications/applications/measurement-values-and-measuring-networks.html#param=messnetz-manuell&station=MOD
MOE;Möhlin;AG;0-20000-0-06641;Automatische Wetterstationen;Stations météorologiques automatiques;Stazioni meteorologiche automatiche;Automatic weather stations;MeteoSchweiz;01.01.1900;343;344;2633054;1269147;47.572197;7.877911;Ebene;Plaine;Pianura;plain;https://www.meteoschweiz.admin.ch/service-und-publikationen/applikationen/messwerte-und-messnetze.html#param=messnetz-automatisch&station=MOE;https://www.meteosuisse.admin.ch/services-et-publications/applications/valeurs-mesurees-et-reseaux-de-mesure.html#param=messnetz-automatisch&station=MOE;https://www.meteosvizzera.admin.ch/servizi-e-pubblicazioni/applicazioni/valori-attuali-e-reti-di-misura.html#param=messnetz-automatisch&station=MOE;https://www.meteoswiss.admin.ch/services-and-publications/applications/measurement-values-and-measuring-networks.html#param=messnetz-automatisch&station=MOE
MOS;Morbio Superiore;TI;0-756-0-MOS;Manuelle Niederschlagsstationen;Stations pluviométriques manuelles;Stazioni pluviometriche manuali;Manual precipitation stations;MeteoSchweiz;01.01.1974;594;;2723520;1080124;45.861486;9.029067;Südwesthang;Versant sud-ouest;Versante sud-occidentale;south-western oriented slope;https://www.meteoschweiz.admin.ch/service-und-publikationen/applikationen/messwerte-und-messnetze.html#param=messnetz-manuell&station=MOS;https://www.meteosuisse.admin.ch/services-et-publications/applications/valeurs-mesurees-et-reseaux-de-mesure.html#param=messnetz-manuell&station=MOS;https://www.meteosvizzera.admin.ch/servizi-e-pubblicazioni/applicazioni/valori-attuali-e-reti-di-misura.html#param=messnetz-manuell&station=MOS;https://www.meteoswiss.admin.ch/services-and-publications/applications/measurement-values-and-measuring-networks.html#param=messnetz-manuell&station=MOS
MOU;Moutier;BE;0-756-0-MOU;Manuelle Niederschlagsstationen;Stations pluviométriques manuelles;Stazioni pluviometriche manuali;Manual precipitation stations;MeteoSchweiz;01.01.1969;579;;2594939;1235698;47.272167;7.371761;Nordhang;Versant nord;Versante settentrionale;northern oriented slope;https://www.meteoschweiz.admin.ch/service-und-publikationen/applikationen/messwerte-und-messnetze.html#param=messnetz-manuell&station=MOU;https://www.meteosuisse.admin.ch/services-et-publications/applications/valeurs-mesurees-et-reseaux-de-mesure.html#param=messnetz-manuell&station=MOU;https://www.meteosvizzera.admin.ch/servizi-e-pubblicazioni/applicazioni/valori-attuali-e-reti-di-misura.html#param=messnetz-manuell&station=MOU;https://www.meteoswiss.admin.ch/services-and-publications/applications/measurement-values-and-measuring-networks.html#param=messnetz-manuell&station=MOU
MSG;Mosogno;TI;0-756-0-MSG;Automatische Niederschlagsstationen;Stations pluviométriques automatiques;Stazioni pluviometriche automatiche;Automatic precipitation stations;MeteoSchweiz;01.01.1901;775;;2692799;1117054;46.198544;8.640861;Südhang;Versant sud;Versante meridionale;southern oriented slope;https://www.meteoschweiz.admin.ch/service-und-publikationen/applikationen/messwerte-und-messnetze.html#param=messnetz-automatisch&station=MSG;https://www.meteosuisse.admin.ch/services-et-publications/applications/valeurs-mesurees-et-reseaux-de-mesure.html#param=messnetz-automatisch&station=MSG;https://www.meteosvizzera.admin.ch/servizi-e-pubblicazioni/applicazioni/valori-attuali-e-reti-di-misura.html#param=messnetz-automatisch&station=MSG;https://www.meteoswiss.admin.ch/services-and-publications/applications/measurement-values-and-measuring-networks.html#param=messnetz-automatisch&station=MSG
MST;Monstein;GR;0-756-0-MST;Manuelle Niederschlagsstationen;Stations pluviométriques manuelles;Stazioni pluviometriche manuali;Manual precipitation stations;MeteoSchweiz;01.01.1973;1595;;2778149;1176216;46.713342;9.76885;Westhang;Versant ouest;Versante occidentale;western oriented slope;https://www.meteoschweiz.admin.ch/service-und-publikationen/applikationen/messwerte-und-messnetze.html#param=messnetz-manuell&station=MST;https://www.meteosuisse.admin.ch/services-et-publications/applications/valeurs-mesurees-et-reseaux-de-mesure.html#param=messnetz-manuell&station=MST;https://www.meteosvizzera.admin.ch/servizi-e-pubblicazioni/applicazioni/valori-attuali-e-reti-di-misura.html#param=messnetz-manuell&station=MST;https://www.meteoswiss.admin.ch/services-and-publications/applications/measurement-values-and-measuring-networks.html#param=messnetz-manuell&station=MST
MTE;Mottec;VS;0-20000-0-06716;Automatische Wetterstationen;Stations météorologiques automatiques;Stazioni meteorologiche automatiche;Automatic weather stations;MeteoSchweiz;01.01.1973;1580;1581;2614324;1110730;46.147897;7.624033;Tal;Vallée;Valle;valley;https://www.meteoschweiz.admin.ch/service-und-publikationen/applikationen/messwerte-und-messnetze.html#param=messnetz-automatisch&station=MTE;https://www.meteosuisse.admin.ch/services-et-publications/applications/valeurs-mesurees-et-reseaux-de-mesure.html#param=messnetz-automatisch&station=MTE;https://www.meteosvizzera.admin.ch/servizi-e-pubblicazioni/applicazioni/valori-attuali-e-reti-di-misura.html#param=messnetz-automatisch&station=MTE;https://www.meteoswiss.admin.ch/services-and-publications/applications/measurement-values-and-measuring-networks.html#param=messnetz-automatisch&station=MTE
MTO;Montenol;JU;0-756-0-MTO;Manuelle Niederschlagsstationen;Stations pluviométriques manuelles;Stazioni pluviometriche manuali;Manual precipitation stations;MeteoSchweiz;01.06.1967;694;;2578412;1244819;47.353861;7.152919;Südhang;Versant sud;Versante meridionale;southern oriented slope;https://www.meteoschweiz.admin.ch/service-und-publikationen/applikationen/messwerte-und-messnetze.html#param=messnetz-manuell&station=MTO;https://www.meteosuisse.admin.ch/services-et-publications/applications/valeurs-mesurees-et-reseaux-de-mesure.html#param=messnetz-manuell&station=MTO;https://www.meteosvizzera.admin.ch/servizi-e-pubblicazioni/applicazioni/valori-attuali-e-reti-di-misura.html#param=messnetz-manuell&station=MTO;https://www.meteoswiss.admin.ch/services-and-publications/applications/measurement-values-and-measuring-networks.html#param=messnetz-manuell&station=MTO
MUB;Mühleberg;BE;0-20000-0-06636;Automatische Wetterstationen;Stations météorologiques automatiques;Stazioni meteorologiche automatiche;Automatic weather stations;MeteoSchweiz;01.01.1981;480;481;2587793;1202480;46.973278;7.278217;Ebene;Plaine;Pianura;plain;https://www.meteoschweiz.admin.ch/service-und-publikationen/applikationen/messwerte-und-messnetze.html#param=messnetz-automatisch&station=MUB;https://www.meteosuisse.admin.ch/services-et-publications/applications/valeurs-mesurees-et-reseaux-de-mesure.html#param=messnetz-automatisch&station=MUB;https://www.meteosvizzera.admin.ch/servizi-e-pubblicazioni/applicazioni/valori-attuali-e-reti-di-misura.html#param=messnetz-automatisch&station=MUB;https://www.meteoswiss.admin.ch/services-and-publications/applications/measurement-values-and-measuring-networks.html#param=messnetz-automatisch&station=MUB
MUE;Mürren;BE;0-756-0-MUE;Manuelle Niederschlagsstationen;Stations pluviométriques manuelles;Stazioni pluviometriche manuali;Manual precipitation stations;MeteoSchweiz;01.01.1958;1632;;2634611;1156092;46.555211;7.889967;Südosthang;Versant sud-est;Versante sud-orientale;south-eastern oriented slope;https://www.meteoschweiz.admin.ch/service-und-publikationen/applikationen/messwerte-und-messnetze.html#param=messnetz-manuell&station=MUE;https://www.meteosuisse.admin.ch/services-et-publications/applications/valeurs-mesurees-et-reseaux-de-mesure.html#param=messnetz-manuell&station=MUE;https://www.meteosvizzera.admin.ch/servizi-e-pubblicazioni/applicazioni/valori-attuali-e-reti-di-misura.html#param=messnetz-manuell&station=MUE;https://www.meteoswiss.admin.ch/services-and-publications/applications/measurement-values-and-measuring-networks.html#param=messnetz-manuell&station=MUE
MUL;Mülligen;AG;0-756-0-MUL;Manuelle Niederschlagsstationen;Stations pluviométriques manuelles;Stazioni pluviometriche manuali;Manual precipitation stations;MeteoSchweiz;01.01.1959;393;;2659784;1256026;47.452306;8.231367;Ebene;Plaine;Pianura;plain;https://www.meteoschweiz.admin.ch/service-und-publikationen/applikationen/messwerte-und-messnetze.html#param=messnetz-manuell&station=MUL;https://www.meteosuisse.admin.ch/services-et-publications/applications/valeurs-mesurees-et-reseaux-de-mesure.html#param=messnetz-manuell&station=MUL;https://www.meteosvizzera.admin.ch/servizi-e-pubblicazioni/applicazioni/valori-attuali-e-reti-di-misura.html#param=messnetz-manuell&station=MUL;https://www.meteoswiss.admin.ch/services-and-publications/applications/measurement-values-and-measuring-networks.html#param=messnetz-manuell&station=MUL
MUR;Muri, AG;AG;0-756-0-MUR;Automatische Niederschlagsstationen;Stations pluviométriques automatiques;Stazioni pluviometriche automatiche;Automatic precipitation stations;MeteoSchweiz;01.01.1864;577;;2667277;1235323;47.265381;8.327608;Osthang;Versant est;Versante orientale;eastern oriented slope;https://www.meteoschweiz.admin.ch/service-und-publikationen/applikationen/messwerte-und-messnetze.html#param=messnetz-automatisch&station=MUR;https://www.meteosuisse.admin.ch/services-et-publications/applications/valeurs-mesurees-et-reseaux-de-mesure.html#param=messnetz-automatisch&station=MUR;https://www.meteosvizzera.admin.ch/servizi-e-pubblicazioni/applicazioni/valori-attuali-e-reti-di-misura.html#param=messnetz-automatisch&station=MUR;https://www.meteoswiss.admin.ch/services-and-publications/applications/measurement-values-and-measuring-networks.html#param=messnetz-automatisch&station=MUR
MUS;Müstair;GR;0-756-0-MUS;Manuelle Niederschlagsstationen;Stations pluviométriques manuelles;Stazioni pluviometriche manuali;Manual precipitation stations;MeteoSchweiz;01.11.1972;1237;;2831019;1168870;46.631089;10.4561;Südosthang;Versant sud-est;Versante sud-orientale;south-eastern oriented slope;https://www.meteoschweiz.admin.ch/service-und-publikationen/applikationen/messwerte-und-messnetze.html#param=messnetz-manuell&station=MUS;https://www.meteosuisse.admin.ch/services-et-publications/applications/valeurs-mesurees-et-reseaux-de-mesure.html#param=messnetz-manuell&station=MUS;https://www.meteosvizzera.admin.ch/servizi-e-pubblicazioni/applicazioni/valori-attuali-e-reti-di-misura.html#param=messnetz-manuell&station=MUS;https://www.meteoswiss.admin.ch/services-and-publications/applications/measurement-values-and-measuring-networks.html#param=messnetz-manuell&station=MUS
MUT;Murten;FR;0-756-0-MUT;Manuelle Niederschlagsstationen;Stations pluviométriques manuelles;Stazioni pluviometriche manuali;Manual precipitation stations;MeteoSchweiz;01.01.1901;433;;2576991;1199048;46.942119;7.136439;Ebene;Plaine;Pianura;plain;https://www.meteoschweiz.admin.ch/service-und-publikationen/applikationen/messwerte-und-messnetze.html#param=messnetz-manuell&station=MUT;https://www.meteosuisse.admin.ch/services-et-publications/applications/valeurs-mesurees-et-reseaux-de-mesure.html#param=messnetz-manuell&station=MUT;https://www.meteosvizzera.admin.ch/servizi-e-pubblicazioni/applicazioni/valori-attuali-e-reti-di-misura.html#param=messnetz-manuell&station=MUT;https://www.meteoswiss.admin.ch/services-and-publications/applications/measurement-values-and-measuring-networks.html#param=messnetz-manuell&station=MUT
MVE;Montana;VS;0-20000-0-06724;Automatische Wetterstationen;Stations météorologiques automatiques;Stazioni meteorologiche automatiche;Automatic weather stations;MeteoSchweiz, SLF;01.01.1926;1423;1424;2601709;1127489;46.298806;7.460814;Südwesthang;Versant sud-ouest;Versante sud-occidentale;south-western oriented slope;https://www.meteoschweiz.admin.ch/service-und-publikationen/applikationen/messwerte-und-messnetze.html#param=messnetz-automatisch&station=MVE;https://www.meteosuisse.admin.ch/services-et-publications/applications/valeurs-mesurees-et-reseaux-de-mesure.html#param=messnetz-automatisch&station=MVE;https://www.meteosvizzera.admin.ch/servizi-e-pubblicazioni/applicazioni/valori-attuali-e-reti-di-misura.html#param=messnetz-automatisch&station=MVE;https://www.meteoswiss.admin.ch/services-and-publications/applications/measurement-values-and-measuring-networks.html#param=messnetz-automatisch&station=MVE
NABLAU ;Lausanne;VD;0-20000-0-06907;Automatische Messstation Partner;Station de mesure automatique partenaire;Stazione di misura automatica partner;Automatic monitoring station partner;BAFU;02.02.1991;535;;2538690;1152624;46.522108;6.639625;Südhang;Versant sud;Versante meridionale;southern oriented slope;https://www.meteoschweiz.admin.ch/service-und-publikationen/applikationen/messwerte-und-messnetze.html#param=messnetz-partner&station=NABLAU;https://www.meteosuisse.admin.ch/services-et-publications/applications/valeurs-mesurees-et-reseaux-de-mesure.html#param=messnetz-automatisch&station=ABE;https://www.meteosvizzera.admin.ch/servizi-e-pubblicazioni/applicazioni/valori-attuali-e-reti-di-misura.html#param=messnetz-automatisch&station=ABE;https://www.meteoswiss.admin.ch/services-and-publications/applications/measurement-values-and-measuring-networks.html#param=messnetz-automatisch&station=ABE
NABZUE ;Zürich / Kaserne;ZH;0-20000-0-06909;Automatische Messstation Partner;Station de mesure automatique partenaire;Stazione di misura automatica partner;Automatic monitoring station partner;BAFU;25.04.1991;409;;2682451;1247990;47.377581;8.530417;Ebene;Plaine;Pianura;plain;https://www.meteoschweiz.admin.ch/service-und-publikationen/applikationen/messwerte-und-messnetze.html#param=messnetz-partner&station=NABZUE;https://www.meteosuisse.admin.ch/services-et-publications/applications/valeurs-mesurees-et-reseaux-de-mesure.html#param=messnetz-manuell&station=ABG;https://www.meteosvizzera.admin.ch/servizi-e-pubblicazioni/applicazioni/valori-attuali-e-reti-di-misura.html#param=messnetz-manuell&station=ABG;https://www.meteoswiss.admin.ch/services-and-publications/applications/measurement-values-and-measuring-networks.html#param=messnetz-manuell&station=ABG
NAP;Napf;BE;0-20000-0-06639;Automatische Wetterstationen;Stations météorologiques automatiques;Stazioni meteorologiche automatiche;Automatic weather stations;MeteoSchweiz;01.01.1978;1404;1405;2638137;1206079;47.004667;7.940117;Gipfellage;Sommet;Vetta;crest;https://www.meteoschweiz.admin.ch/service-und-publikationen/applikationen/messwerte-und-messnetze.html#param=messnetz-automatisch&station=NAP;https://www.meteosuisse.admin.ch/services-et-publications/applications/valeurs-mesurees-et-reseaux-de-mesure.html#param=messnetz-automatisch&station=NAP;https://www.meteosvizzera.admin.ch/servizi-e-pubblicazioni/applicazioni/valori-attuali-e-reti-di-misura.html#param=messnetz-automatisch&station=NAP;https://www.meteoswiss.admin.ch/services-and-publications/applications/measurement-values-and-measuring-networks.html#param=messnetz-automatisch&station=NAP
NEU;Neuchâtel;NE;0-20000-0-06604;Automatische Wetterstationen;Stations météorologiques automatiques;Stazioni meteorologiche automatiche;Automatic weather stations;MeteoSchweiz;01.01.1864;485;485;2563087;1205560;47.000067;6.953297;Anhöhe (30 - 100 m über Talsohle);Butte (30-100 m au-dessus du fond de vallée);Collina (30 - 100 m sopra il fondovalle);height (30-100 m above valley);https://www.meteoschweiz.admin.ch/service-und-publikationen/applikationen/messwerte-und-messnetze.html#param=messnetz-automatisch&station=NEU;https://www.meteosuisse.admin.ch/services-et-publications/applications/valeurs-mesurees-et-reseaux-de-mesure.html#param=messnetz-automatisch&station=NEU;https://www.meteosvizzera.admin.ch/servizi-e-pubblicazioni/applicazioni/valori-attuali-e-reti-di-misura.html#param=messnetz-automatisch&station=NEU;https://www.meteoswiss.admin.ch/services-and-publications/applications/measurement-values-and-measuring-networks.html#param=messnetz-automatisch&station=NEU
NIE;Niederneunforn;TG;0-756-0-NIE;Manuelle Niederschlagsstationen;Stations pluviométriques manuelles;Stazioni pluviometriche manuali;Manual precipitation stations;MeteoSchweiz;01.01.1900;440;;2700861;1272510;47.595519;8.7797;Südhang;Versant sud;Versante meridionale;southern oriented slope;https://www.meteoschweiz.admin.ch/service-und-publikationen/applikationen/messwerte-und-messnetze.html#param=messnetz-manuell&station=NIE;https://www.meteosuisse.admin.ch/services-et-publications/applications/valeurs-mesurees-et-reseaux-de-mesure.html#param=messnetz-manuell&station=NIE;https://www.meteosvizzera.admin.ch/servizi-e-pubblicazioni/applicazioni/valori-attuali-e-reti-di-misura.html#param=messnetz-manuell&station=NIE;https://www.meteoswiss.admin.ch/services-and-publications/applications/measurement-values-and-measuring-networks.html#param=messnetz-manuell&station=NIE
OBD;Obstalden;GL;0-756-0-OBD;Manuelle Niederschlagsstationen;Stations pluviométriques manuelles;Stazioni pluviometriche manuali;Manual precipitation stations;MeteoSchweiz;01.01.1901;689;;2730892;1219537;47.113878;9.163408;Nordhang;Versant nord;Versante settentrionale;northern oriented slope;https://www.meteoschweiz.admin.ch/service-und-publikationen/applikationen/messwerte-und-messnetze.html#param=messnetz-manuell&station=OBD;https://www.meteosuisse.admin.ch/services-et-publications/applications/valeurs-mesurees-et-reseaux-de-mesure.html#param=messnetz-manuell&station=OBD;https://www.meteosvizzera.admin.ch/servizi-e-pubblicazioni/applicazioni/valori-attuali-e-reti-di-misura.html#param=messnetz-manuell&station=OBD;https://www.meteoswiss.admin.ch/services-and-publications/applications/measurement-values-and-measuring-networks.html#param=messnetz-manuell&station=OBD
OBI;Oberiberg;SZ;0-756-0-OBI;Automatische Niederschlagsstationen;Stations pluviométriques automatiques;Stazioni pluviometriche automatiche;Automatic precipitation stations;MeteoSchweiz;01.10.1883;1075;;2701842;1210464;47.037383;8.778656;Tal;Vallée;Valle;valley;https://www.meteoschweiz.admin.ch/service-und-publikationen/applikationen/messwerte-und-messnetze.html#param=messnetz-automatisch&station=OBI;https://www.meteosuisse.admin.ch/services-et-publications/applications/valeurs-mesurees-et-reseaux-de-mesure.html#param=messnetz-automatisch&station=OBI;https://www.meteosvizzera.admin.ch/servizi-e-pubblicazioni/applicazioni/valori-attuali-e-reti-di-misura.html#param=messnetz-automatisch&station=OBI;https://www.meteoswiss.admin.ch/services-and-publications/applications/measurement-values-and-measuring-networks.html#param=messnetz-automatisch&station=OBI
OED;Ehrendingen;AG;0-756-0-OED;Automatische Niederschlagsstationen;Stations pluviométriques automatiques;Stazioni pluviometriche automatiche;Automatic precipitation stations;MeteoSchweiz;01.01.1961;428;;2667833;1262320;47.508125;8.339047;Ebene;Plaine;Pianura;plain;https://www.meteoschweiz.admin.ch/service-und-publikationen/applikationen/messwerte-und-messnetze.html#param=messnetz-automatisch&station=OED;https://www.meteosuisse.admin.ch/services-et-publications/applications/valeurs-mesurees-et-reseaux-de-mesure.html#param=messnetz-automatisch&station=OED;https://www.meteosvizzera.admin.ch/servizi-e-pubblicazioni/applicazioni/valori-attuali-e-reti-di-misura.html#param=messnetz-automatisch&station=OED;https://www.meteoswiss.admin.ch/services-and-publications/applications/measurement-values-and-measuring-networks.html#param=messnetz-automatisch&station=OED
OLI;Olivone;TI;0-756-0-OLI;Manuelle Niederschlagsstationen;Stations pluviométriques manuelles;Stazioni pluviometriche manuali;Manual precipitation stations;MeteoSchweiz;01.01.1901;890;;2714904;1154144;46.528719;8.936336;Westhang;Versant ouest;Versante occidentale;western oriented slope;https://www.meteoschweiz.admin.ch/service-und-publikationen/applikationen/messwerte-und-messnetze.html#param=messnetz-manuell&station=OLI;https://www.meteosuisse.admin.ch/services-et-publications/applications/valeurs-mesurees-et-reseaux-de-mesure.html#param=messnetz-manuell&station=OLI;https://www.meteosvizzera.admin.ch/servizi-e-pubblicazioni/applicazioni/valori-attuali-e-reti-di-misura.html#param=messnetz-manuell&station=OLI;https://www.meteoswiss.admin.ch/services-and-publications/applications/measurement-values-and-measuring-networks.html#param=messnetz-manuell&station=OLI
OPF;Opfikon;ZH;0-756-0-OPF;Automatische Niederschlagsstationen;Stations pluviométriques automatiques;Stazioni pluviometriche automatiche;Automatic precipitation stations;MeteoSchweiz;01.01.1973;424;;2684615;1254698;47.437633;8.560339;Ebene;Plaine;Pianura;plain;https://www.meteoschweiz.admin.ch/service-und-publikationen/applikationen/messwerte-und-messnetze.html#param=messnetz-automatisch&station=OPF;https://www.meteosuisse.admin.ch/services-et-publications/applications/valeurs-mesurees-et-reseaux-de-mesure.html#param=messnetz-automatisch&station=OPF;https://www.meteosvizzera.admin.ch/servizi-e-pubblicazioni/applicazioni/valori-attuali-e-reti-di-misura.html#param=messnetz-automatisch&station=OPF;https://www.meteoswiss.admin.ch/services-and-publications/applications/measurement-values-and-measuring-networks.html#param=messnetz-automatisch&station=OPF
ORS;Orsières;VS;0-756-0-ORS;Automatische Niederschlagsstationen;Stations pluviométriques automatiques;Stazioni pluviometriche automatiche;Automatic precipitation stations;MeteoSchweiz;01.01.1901;929;;2577021;1096695;46.021411;7.141919;Ebene;Plaine;Pianura;plain;https://www.meteoschweiz.admin.ch/service-und-publikationen/applikationen/messwerte-und-messnetze.html#param=messnetz-automatisch&station=ORS;https://www.meteosuisse.admin.ch/services-et-publications/applications/valeurs-mesurees-et-reseaux-de-mesure.html#param=messnetz-automatisch&station=ORS;https://www.meteosvizzera.admin.ch/servizi-e-pubblicazioni/applicazioni/valori-attuali-e-reti-di-misura.html#param=messnetz-automatisch&station=ORS;https://www.meteoswiss.admin.ch/services-and-publications/applications/measurement-values-and-measuring-networks.html#param=messnetz-automatisch&station=ORS
ORZ;Orzens;VD;0-756-0-ORZ;Manuelle Niederschlagsstationen;Stations pluviométriques manuelles;Stazioni pluviometriche manuali;Manual precipitation stations;MeteoSchweiz;01.11.1972;624;;2542135;1174816;46.722028;6.681731;Südosthang;Versant sud-est;Versante sud-orientale;south-eastern oriented slope;https://www.meteoschweiz.admin.ch/service-und-publikationen/applikationen/messwerte-und-messnetze.html#param=messnetz-manuell&station=ORZ;https://www.meteosuisse.admin.ch/services-et-publications/applications/valeurs-mesurees-et-reseaux-de-mesure.html#param=messnetz-manuell&station=ORZ;https://www.meteosvizzera.admin.ch/servizi-e-pubblicazioni/applicazioni/valori-attuali-e-reti-di-misura.html#param=messnetz-manuell&station=ORZ;https://www.meteoswiss.admin.ch/services-and-publications/applications/measurement-values-and-measuring-networks.html#param=messnetz-manuell&station=ORZ
OTE;Otelfingen;ZH;0-756-0-OTE;Manuelle Niederschlagsstationen;Stations pluviométriques manuelles;Stazioni pluviometriche manuali;Manual precipitation stations;MeteoSchweiz;01.01.1961;435;;2671521;1257080;47.460611;8.387158;Südhang;Versant sud;Versante meridionale;southern oriented slope;https://www.meteoschweiz.admin.ch/service-und-publikationen/applikationen/messwerte-und-messnetze.html#param=messnetz-manuell&station=OTE;https://www.meteosuisse.admin.ch/services-et-publications/applications/valeurs-mesurees-et-reseaux-de-mesure.html#param=messnetz-manuell&station=OTE;https://www.meteosvizzera.admin.ch/servizi-e-pubblicazioni/applicazioni/valori-attuali-e-reti-di-misura.html#param=messnetz-manuell&station=OTE;https://www.meteoswiss.admin.ch/services-and-publications/applications/measurement-values-and-measuring-networks.html#param=messnetz-manuell&station=OTE
OTL;Locarno / Monti;TI;0-20000-0-06760;Automatische Wetterstationen;Stations météorologiques automatiques;Stazioni meteorologiche automatiche;Automatic weather stations;MeteoSchweiz;01.01.1864;367;374;2704167;1114316;46.172256;8.787494;Südhang;Versant sud;Versante meridionale;southern oriented slope;https://www.meteoschweiz.admin.ch/service-und-publikationen/applikationen/messwerte-und-messnetze.html#param=messnetz-automatisch&station=OTL;https://www.meteosuisse.admin.ch/services-et-publications/applications/valeurs-mesurees-et-reseaux-de-mesure.html#param=messnetz-automatisch&station=OTL;https://www.meteosvizzera.admin.ch/servizi-e-pubblicazioni/applicazioni/valori-attuali-e-reti-di-misura.html#param=messnetz-automatisch&station=OTL;https://www.meteoswiss.admin.ch/services-and-publications/applications/measurement-values-and-measuring-networks.html#param=messnetz-automatisch&station=OTL
PAV;Payerne / Ville;VD;0-756-0-PAV;Manuelle Niederschlagsstationen;Stations pluviométriques manuelles;Stazioni pluviometriche manuali;Manual precipitation stations;MeteoSchweiz;01.01.1900;447;;2561615;1187040;46.833397;6.935506;Ebene;Plaine;Pianura;plain;https://www.meteoschweiz.admin.ch/service-und-publikationen/applikationen/messwerte-und-messnetze.html#param=messnetz-manuell&station=PAV;https://www.meteosuisse.admin.ch/services-et-publications/applications/valeurs-mesurees-et-reseaux-de-mesure.html#param=messnetz-manuell&station=PAV;https://www.meteosvizzera.admin.ch/servizi-e-pubblicazioni/applicazioni/valori-attuali-e-reti-di-misura.html#param=messnetz-manuell&station=PAV;https://www.meteoswiss.admin.ch/services-and-publications/applications/measurement-values-and-measuring-networks.html#param=messnetz-manuell&station=PAV
PAY;Payerne;VD;0-20000-0-06610;Automatische Wetterstationen;Stations météorologiques automatiques;Stazioni meteorologiche automatiche;Automatic weather stations;MeteoSchweiz;01.08.1964;490;490;2562131;1184612;46.811581;6.942469;Anhöhe (30 - 100 m über Talsohle);Butte (30-100 m au-dessus du fond de vallée);Collina (30 - 100 m sopra il fondovalle);height (30-100 m above valley);https://www.meteoschweiz.admin.ch/service-und-publikationen/applikationen/messwerte-und-messnetze.html#param=messnetz-automatisch&station=PAY;https://www.meteosuisse.admin.ch/services-et-publications/applications/valeurs-mesurees-et-reseaux-de-mesure.html#param=messnetz-automatisch&station=PAY;https://www.meteosvizzera.admin.ch/servizi-e-pubblicazioni/applicazioni/valori-attuali-e-reti-di-misura.html#param=messnetz-automatisch&station=PAY;https://www.meteoswiss.admin.ch/services-and-publications/applications/measurement-values-and-measuring-networks.html#param=messnetz-automatisch&station=PAY
PDM;Les Ponts-de-Martel;NE;0-756-0-PDM;Manuelle Niederschlagsstationen;Stations pluviométriques manuelles;Stazioni pluviometriche manuali;Manual precipitation stations;MeteoSchweiz;01.01.1900;1052;;2545887;1205407;46.997514;6.727175;Südhang;Versant sud;Versante meridionale;southern oriented slope;https://www.meteoschweiz.admin.ch/service-und-publikationen/applikationen/messwerte-und-messnetze.html#param=messnetz-manuell&station=PDM;https://www.meteosuisse.admin.ch/services-et-publications/applications/valeurs-mesurees-et-reseaux-de-mesure.html#param=messnetz-manuell&station=PDM;https://www.meteosvizzera.admin.ch/servizi-e-pubblicazioni/applicazioni/valori-attuali-e-reti-di-misura.html#param=messnetz-manuell&station=PDM;https://www.meteoswiss.admin.ch/services-and-publications/applications/measurement-values-and-measuring-networks.html#param=messnetz-manuell&station=PDM
PFA;Pfäffikon, ZH;ZH;0-756-0-PFA;Automatische Wetterstationen;Stations météorologiques automatiques;Stazioni meteorologiche automatiche;Automatic weather stations;MeteoSchweiz;01.01.1901;537;538;2699401;1248165;47.376817;8.754864;Ebene;Plaine;Pianura;plain;https://www.meteoschweiz.admin.ch/service-und-publikationen/applikationen/messwerte-und-messnetze.html#param=messnetz-automatisch&station=PFA;https://www.meteosuisse.admin.ch/services-et-publications/applications/valeurs-mesurees-et-reseaux-de-mesure.html#param=messnetz-automatisch&station=PFA;https://www.meteosvizzera.admin.ch/servizi-e-pubblicazioni/applicazioni/valori-attuali-e-reti-di-misura.html#param=messnetz-automatisch&station=PFA;https://www.meteoswiss.admin.ch/services-and-publications/applications/measurement-values-and-measuring-networks.html#param=messnetz-automatisch&station=PFA
PIG;Pigniu;GR;0-756-0-PIG;Manuelle Niederschlagsstationen;Stations pluviométriques manuelles;Stazioni pluviometriche manuali;Manual precipitation stations;MeteoSchweiz;01.01.1901;1325;;2727951;1185715;46.810286;9.115142;Südhang;Versant sud;Versante meridionale;southern oriented slope;https://www.meteoschweiz.admin.ch/service-und-publikationen/applikationen/messwerte-und-messnetze.html#param=messnetz-manuell&station=PIG;https://www.meteosuisse.admin.ch/services-et-publications/applications/valeurs-mesurees-et-reseaux-de-mesure.html#param=messnetz-manuell&station=PIG;https://www.meteosvizzera.admin.ch/servizi-e-pubblicazioni/applicazioni/valori-attuali-e-reti-di-misura.html#param=messnetz-manuell&station=PIG;https://www.meteoswiss.admin.ch/services-and-publications/applications/measurement-values-and-measuring-networks.html#param=messnetz-manuell&station=PIG
PIL;Pilatus;OW;0-20000-0-06659;Automatische Wetterstationen;Stations météorologiques automatiques;Stazioni meteorologiche automatiche;Automatic weather stations;MeteoSchweiz;31.12.1980;2105;2109;2661905;1203410;46.978869;8.252256;Gipfellage;Sommet;Vetta;crest;https://www.meteoschweiz.admin.ch/service-und-publikationen/applikationen/messwerte-und-messnetze.html#param=messnetz-automatisch&station=PIL;https://www.meteosuisse.admin.ch/services-et-publications/applications/valeurs-mesurees-et-reseaux-de-mesure.html#param=messnetz-automatisch&station=PIL;https://www.meteosvizzera.admin.ch/servizi-e-pubblicazioni/applicazioni/valori-attuali-e-reti-di-misura.html#param=messnetz-automatisch&station=PIL;https://www.meteoswiss.admin.ch/services-and-publications/applications/measurement-values-and-measuring-networks.html#param=messnetz-automatisch&station=PIL
PIO;Piotta;TI;0-20000-0-06753;Automatische Wetterstationen;Stations météorologiques automatiques;Stazioni meteorologiche automatiche;Automatic weather stations;MeteoSchweiz;01.01.1959;990;991;2695881;1152264;46.514811;8.688039;Ebene;Plaine;Pianura;plain;https://www.meteoschweiz.admin.ch/service-und-publikationen/applikationen/messwerte-und-messnetze.html#param=messnetz-automatisch&station=PIO;https://www.meteosuisse.admin.ch/services-et-publications/applications/valeurs-mesurees-et-reseaux-de-mesure.html#param=messnetz-automatisch&station=PIO;https://www.meteosvizzera.admin.ch/servizi-e-pubblicazioni/applicazioni/valori-attuali-e-reti-di-misura.html#param=messnetz-automatisch&station=PIO;https://www.meteoswiss.admin.ch/services-and-publications/applications/measurement-values-and-measuring-networks.html#param=messnetz-automatisch&station=PIO
PLF;Plaffeien;FR;0-20000-0-06628;Automatische Wetterstationen;Stations météorologiques automatiques;Stazioni meteorologiche automatiche;Automatic weather stations;MeteoSchweiz;01.01.1972;1042;1044;2586828;1177407;46.747717;7.266264;Anhöhe (30 - 100 m über Talsohle);Butte (30-100 m au-dessus du fond de vallée);Collina (30 - 100 m sopra il fondovalle);height (30-100 m above valley);https://www.meteoschweiz.admin.ch/service-und-publikationen/applikationen/messwerte-und-messnetze.html#param=messnetz-automatisch&station=PLF;https://www.meteosuisse.admin.ch/services-et-publications/applications/valeurs-mesurees-et-reseaux-de-mesure.html#param=messnetz-automatisch&station=PLF;https://www.meteosvizzera.admin.ch/servizi-e-pubblicazioni/applicazioni/valori-attuali-e-reti-di-misura.html#param=messnetz-automatisch&station=PLF;https://www.meteoswiss.admin.ch/services-and-publications/applications/measurement-values-and-measuring-networks.html#param=messnetz-automatisch&station=PLF
PON;Pontresina;GR;0-756-0-PON;Manuelle Niederschlagsstationen;Stations pluviométriques manuelles;Stazioni pluviometriche manuali;Manual precipitation stations;MeteoSchweiz;01.01.1910;1787;;2787950;1153832;46.509394;9.887825;Westhang;Versant ouest;Versante occidentale;western oriented slope;https://www.meteoschweiz.admin.ch/service-und-publikationen/applikationen/messwerte-und-messnetze.html#param=messnetz-manuell&station=PON;https://www.meteosuisse.admin.ch/services-et-publications/applications/valeurs-mesurees-et-reseaux-de-mesure.html#param=messnetz-manuell&station=PON;https://www.meteosvizzera.admin.ch/servizi-e-pubblicazioni/applicazioni/valori-attuali-e-reti-di-misura.html#param=messnetz-manuell&station=PON;https://www.meteoswiss.admin.ch/services-and-publications/applications/measurement-values-and-measuring-networks.html#param=messnetz-manuell&station=PON
POT;Ponte Tresa;TI;0-756-0-POT;Manuelle Niederschlagsstationen;Stations pluviométriques manuelles;Stazioni pluviometriche manuali;Manual precipitation stations;MeteoSchweiz;01.01.1900;274;;2710110;1091629;45.967267;8.859122;Ebene;Plaine;Pianura;plain;https://www.meteoschweiz.admin.ch/service-und-publikationen/applikationen/messwerte-und-messnetze.html#param=messnetz-manuell&station=POT;https://www.meteosuisse.admin.ch/services-et-publications/applications/valeurs-mesurees-et-reseaux-de-mesure.html#param=messnetz-manuell&station=POT;https://www.meteosvizzera.admin.ch/servizi-e-pubblicazioni/applicazioni/valori-attuali-e-reti-di-misura.html#param=messnetz-manuell&station=POT;https://www.meteoswiss.admin.ch/services-and-publications/applications/measurement-values-and-measuring-networks.html#param=messnetz-manuell&station=POT
PSI;Würenlingen / PSI;AG;0-20000-0-06647;Automatische Wetterstationen;Stations météorologiques automatiques;Stazioni meteorologiche automatiche;Automatic weather stations;MeteoSchweiz;14.01.1992;334;336;2659356;1265381;47.536475;8.226944;Ebene;Plaine;Pianura;plain;https://www.meteoschweiz.admin.ch/service-und-publikationen/applikationen/messwerte-und-messnetze.html#param=messnetz-automatisch&station=PSI;https://www.meteosuisse.admin.ch/services-et-publications/applications/valeurs-mesurees-et-reseaux-de-mesure.html#param=messnetz-automatisch&station=PSI;https://www.meteosvizzera.admin.ch/servizi-e-pubblicazioni/applicazioni/valori-attuali-e-reti-di-misura.html#param=messnetz-automatisch&station=PSI;https://www.meteoswiss.admin.ch/services-and-publications/applications/measurement-values-and-measuring-networks.html#param=messnetz-automatisch&station=PSI
PUD;Punt la Drossa;GR;0-756-0-PUD;Manuelle Niederschlagsstationen;Stations pluviométriques manuelles;Stazioni pluviometriche manuali;Manual precipitation stations;MeteoSchweiz;01.01.1974;1713;;2810567;1170638;46.653747;10.19;Nordwesthang;Versant nord-ouest;Versante nord-occidentale;north-western oriented slope;https://www.meteoschweiz.admin.ch/service-und-publikationen/applikationen/messwerte-und-messnetze.html#param=messnetz-manuell&station=PUD;https://www.meteosuisse.admin.ch/services-et-publications/applications/valeurs-mesurees-et-reseaux-de-mesure.html#param=messnetz-manuell&station=PUD;https://www.meteosvizzera.admin.ch/servizi-e-pubblicazioni/applicazioni/valori-attuali-e-reti-di-misura.html#param=messnetz-manuell&station=PUD;https://www.meteoswiss.admin.ch/services-and-publications/applications/measurement-values-and-measuring-networks.html#param=messnetz-manuell&station=PUD
PUY;Pully;VD;0-20000-0-06711;Automatische Wetterstationen;Stations météorologiques automatiques;Stazioni meteorologiche automatiche;Automatic weather stations;MeteoSchweiz;01.01.1901;456;457;2540819;1151511;46.512283;6.667517;Südhang;Versant sud;Versante meridionale;southern oriented slope;https://www.meteoschweiz.admin.ch/service-und-publikationen/applikationen/messwerte-und-messnetze.html#param=messnetz-automatisch&station=PUY;https://www.meteosuisse.admin.ch/services-et-publications/applications/valeurs-mesurees-et-reseaux-de-mesure.html#param=messnetz-automatisch&station=PUY;https://www.meteosvizzera.admin.ch/servizi-e-pubblicazioni/applicazioni/valori-attuali-e-reti-di-misura.html#param=messnetz-automatisch&station=PUY;https://www.meteoswiss.admin.ch/services-and-publications/applications/measurement-values-and-measuring-networks.html#param=messnetz-automatisch&station=PUY
RAG;Bad Ragaz;SG;0-20000-0-06686;Automatische Wetterstationen;Stations météorologiques automatiques;Stazioni meteorologiche automatiche;Automatic weather stations;MeteoSchweiz;01.01.1864;497;497;2756911;1209351;47.016631;9.502594;Ebene;Plaine;Pianura;plain;https://www.meteoschweiz.admin.ch/service-und-publikationen/applikationen/messwerte-und-messnetze.html#param=messnetz-automatisch&station=RAG;https://www.meteosuisse.admin.ch/services-et-publications/applications/valeurs-mesurees-et-reseaux-de-mesure.html#param=messnetz-automatisch&station=RAG;https://www.meteosvizzera.admin.ch/servizi-e-pubblicazioni/applicazioni/valori-attuali-e-reti-di-misura.html#param=messnetz-automatisch&station=RAG;https://www.meteoswiss.admin.ch/services-and-publications/applications/measurement-values-and-measuring-networks.html#param=messnetz-automatisch&station=RAG
REG;Reigoldswil;BL;0-756-0-REG;Manuelle Niederschlagsstationen;Stations pluviométriques manuelles;Stazioni pluviometriche manuali;Manual precipitation stations;MeteoSchweiz;01.01.1961;605;;2617673;1249938;47.400025;7.672742;Südosthang;Versant sud-est;Versante sud-orientale;south-eastern oriented slope;https://www.meteoschweiz.admin.ch/service-und-publikationen/applikationen/messwerte-und-messnetze.html#param=messnetz-manuell&station=REG;https://www.meteosuisse.admin.ch/services-et-publications/applications/valeurs-mesurees-et-reseaux-de-mesure.html#param=messnetz-manuell&station=REG;https://www.meteosvizzera.admin.ch/servizi-e-pubblicazioni/applicazioni/valori-attuali-e-reti-di-misura.html#param=messnetz-manuell&station=REG;https://www.meteoswiss.admin.ch/services-and-publications/applications/measurement-values-and-measuring-networks.html#param=messnetz-manuell&station=REG
REH;Zürich / Affoltern;ZH;0-20000-0-06664;Automatische Wetterstationen;Stations météorologiques automatiques;Stazioni meteorologiche automatiche;Automatic weather stations;MeteoSchweiz;01.01.1961;444;445;2681433;1253548;47.427694;8.517953;Ebene;Plaine;Pianura;plain;https://www.meteoschweiz.admin.ch/service-und-publikationen/applikationen/messwerte-und-messnetze.html#param=messnetz-automatisch&station=REH;https://www.meteosuisse.admin.ch/services-et-publications/applications/valeurs-mesurees-et-reseaux-de-mesure.html#param=messnetz-automatisch&station=REH;https://www.meteosvizzera.admin.ch/servizi-e-pubblicazioni/applicazioni/valori-attuali-e-reti-di-misura.html#param=messnetz-automatisch&station=REH;https://www.meteoswiss.admin.ch/services-and-publications/applications/measurement-values-and-measuring-networks.html#param=messnetz-automatisch&station=REH
REM;Rempen;SZ;0-756-0-REM;Automatische Niederschlagsstationen;Stations pluviométriques automatiques;Stazioni pluviometriche automatiche;Automatic precipitation stations;MeteoSchweiz;01.01.1969;650;;2710611;1221850;47.138378;8.896797;Tal;Vallée;Valle;valley;https://www.meteoschweiz.admin.ch/service-und-publikationen/applikationen/messwerte-und-messnetze.html#param=messnetz-automatisch&station=REM;https://www.meteosuisse.admin.ch/services-et-publications/applications/valeurs-mesurees-et-reseaux-de-mesure.html#param=messnetz-automatisch&station=REM;https://www.meteosvizzera.admin.ch/servizi-e-pubblicazioni/applicazioni/valori-attuali-e-reti-di-misura.html#param=messnetz-automatisch&station=REM;https://www.meteoswiss.admin.ch/services-and-publications/applications/measurement-values-and-measuring-networks.html#param=messnetz-automatisch&station=REM
RIC;Ricken;SG;0-756-0-RIC;Manuelle Niederschlagsstationen;Stations pluviométriques manuelles;Stazioni pluviometriche manuali;Manual precipitation stations;MeteoSchweiz;01.01.1901;836;;2722681;1235902;47.262617;9.059697;Nordwesthang;Versant nord-ouest;Versante nord-occidentale;north-western oriented slope;https://www.meteoschweiz.admin.ch/service-und-publikationen/applikationen/messwerte-und-messnetze.html#param=messnetz-manuell&station=RIC;https://www.meteosuisse.admin.ch/services-et-publications/applications/valeurs-mesurees-et-reseaux-de-mesure.html#param=messnetz-manuell&station=RIC;https://www.meteosvizzera.admin.ch/servizi-e-pubblicazioni/applicazioni/valori-attuali-e-reti-di-misura.html#param=messnetz-manuell&station=RIC;https://www.meteoswiss.admin.ch/services-and-publications/applications/measurement-values-and-measuring-networks.html#param=messnetz-manuell&station=RIC
RIH;Riehen;BS;0-756-0-RIH;Manuelle Niederschlagsstationen;Stations pluviométriques manuelles;Stazioni pluviometriche manuali;Manual precipitation stations;MeteoSchweiz;01.01.1900;390;;2617757;1271022;47.58965;7.6747;Ebene;Plaine;Pianura;plain;https://www.meteoschweiz.admin.ch/service-und-publikationen/applikationen/messwerte-und-messnetze.html#param=messnetz-manuell&station=RIH;https://www.meteosuisse.admin.ch/services-et-publications/applications/valeurs-mesurees-et-reseaux-de-mesure.html#param=messnetz-manuell&station=RIH;https://www.meteosvizzera.admin.ch/servizi-e-pubblicazioni/applicazioni/valori-attuali-e-reti-di-misura.html#param=messnetz-manuell&station=RIH;https://www.meteoswiss.admin.ch/services-and-publications/applications/measurement-values-and-measuring-networks.html#param=messnetz-manuell&station=RIH
RIX;Riex;VD;0-756-0-RIX;Manuelle Niederschlagsstationen;Stations pluviométriques manuelles;Stazioni pluviometriche manuali;Manual precipitation stations;MeteoSchweiz;01.01.1961;460;;2546092;1149423;46.493947;6.736458;Südhang;Versant sud;Versante meridionale;southern oriented slope;https://www.meteoschweiz.admin.ch/service-und-publikationen/applikationen/messwerte-und-messnetze.html#param=messnetz-manuell&station=RIX;https://www.meteosuisse.admin.ch/services-et-publications/applications/valeurs-mesurees-et-reseaux-de-mesure.html#param=messnetz-manuell&station=RIX;https://www.meteosvizzera.admin.ch/servizi-e-pubblicazioni/applicazioni/valori-attuali-e-reti-di-misura.html#param=messnetz-manuell&station=RIX;https://www.meteoswiss.admin.ch/services-and-publications/applications/measurement-values-and-measuring-networks.html#param=messnetz-manuell&station=RIX
ROB;Poschiavo / Robbia;GR;0-20000-0-06794;Automatische Wetterstationen;Stations météorologiques automatiques;Stazioni meteorologiche automatiche;Automatic weather stations;MeteoSchweiz;01.01.1959;1078;1079;2801994;1136249;46.347217;10.063031;Tal;Vallée;Valle;valley;https://www.meteoschweiz.admin.ch/service-und-publikationen/applikationen/messwerte-und-messnetze.html#param=messnetz-automatisch&station=ROB;https://www.meteosuisse.admin.ch/services-et-publications/applications/valeurs-mesurees-et-reseaux-de-mesure.html#param=messnetz-automatisch&station=ROB;https://www.meteosvizzera.admin.ch/servizi-e-pubblicazioni/applicazioni/valori-attuali-e-reti-di-misura.html#param=messnetz-automatisch&station=ROB;https://www.meteoswiss.admin.ch/services-and-publications/applications/measurement-values-and-measuring-networks.html#param=messnetz-automatisch&station=ROB
ROE;Robièi;TI;0-20000-0-06751;Automatische Wetterstationen;Stations météorologiques automatiques;Stazioni meteorologiche automatiche;Automatic weather stations;MeteoSchweiz;19.12.1990;1898;1896;2682588;1144091;46.443067;8.513389;Muldenlage;Dépression;Depressione;basin;https://www.meteoschweiz.admin.ch/service-und-publikationen/applikationen/messwerte-und-messnetze.html#param=messnetz-automatisch&station=ROE;https://www.meteosuisse.admin.ch/services-et-publications/applications/valeurs-mesurees-et-reseaux-de-mesure.html#param=messnetz-automatisch&station=ROE;https://www.meteosvizzera.admin.ch/servizi-e-pubblicazioni/applicazioni/valori-attuali-e-reti-di-misura.html#param=messnetz-automatisch&station=ROE;https://www.meteoswiss.admin.ch/services-and-publications/applications/measurement-values-and-measuring-networks.html#param=messnetz-automatisch&station=ROE
ROM;Romont;FR;0-756-0-ROM;Automatische Niederschlagsstationen;Stations pluviométriques automatiques;Stazioni pluviometriche automatiche;Automatic precipitation stations;MeteoSchweiz;07.09.1882;692;;2561476;1172622;46.703694;6.934894;Ebene;Plaine;Pianura;plain;https://www.meteoschweiz.admin.ch/service-und-publikationen/applikationen/messwerte-und-messnetze.html#param=messnetz-automatisch&station=ROM;https://www.meteosuisse.admin.ch/services-et-publications/applications/valeurs-mesurees-et-reseaux-de-mesure.html#param=messnetz-automatisch&station=ROM;https://www.meteosvizzera.admin.ch/servizi-e-pubblicazioni/applicazioni/valori-attuali-e-reti-di-misura.html#param=messnetz-automatisch&station=ROM;https://www.meteoswiss.admin.ch/services-and-publications/applications/measurement-values-and-measuring-networks.html#param=messnetz-automatisch&station=ROM
ROT;Rothenbrunnen;GR;0-756-0-ROT;Automatische Niederschlagsstationen;Stations pluviométriques automatiques;Stazioni pluviometriche automatiche;Automatic precipitation stations;MeteoSchweiz;01.01.1961;620;;2751221;1181292;46.765636;9.418467;Ebene;Plaine;Pianura;plain;https://www.meteoschweiz.admin.ch/service-und-publikationen/applikationen/messwerte-und-messnetze.html#param=messnetz-automatisch&station=ROT;https://www.meteosuisse.admin.ch/services-et-publications/applications/valeurs-mesurees-et-reseaux-de-mesure.html#param=messnetz-automatisch&station=ROT;https://www.meteosvizzera.admin.ch/servizi-e-pubblicazioni/applicazioni/valori-attuali-e-reti-di-misura.html#param=messnetz-automatisch&station=ROT;https://www.meteoswiss.admin.ch/services-and-publications/applications/measurement-values-and-measuring-networks.html#param=messnetz-automatisch&station=ROT
RUE;Rünenberg;BL;0-20000-0-06645;Automatische Wetterstationen;Stations météorologiques automatiques;Stazioni meteorologiche automatiche;Automatic weather stations;MeteoSchweiz;01.05.1982;611;613;2633253;1253846;47.434572;7.879414;Anhöhe (30 - 100 m über Talsohle);Butte (30-100 m au-dessus du fond de vallée);Collina (30 - 100 m sopra il fondovalle);height (30-100 m above valley);https://www.meteoschweiz.admin.ch/service-und-publikationen/applikationen/messwerte-und-messnetze.html#param=messnetz-automatisch&station=RUE;https://www.meteosuisse.admin.ch/services-et-publications/applications/valeurs-mesurees-et-reseaux-de-mesure.html#param=messnetz-automatisch&station=RUE;https://www.meteosvizzera.admin.ch/servizi-e-pubblicazioni/applicazioni/valori-attuali-e-reti-di-misura.html#param=messnetz-automatisch&station=RUE;https://www.meteoswiss.admin.ch/services-and-publications/applications/measurement-values-and-measuring-networks.html#param=messnetz-automatisch&station=RUE
SAB;Sangernboden;BE;0-756-0-SAB;Manuelle Niederschlagsstationen;Stations pluviométriques manuelles;Stazioni pluviometriche manuali;Manual precipitation stations;MeteoSchweiz;01.01.1972;1066;;2593310;1174018;46.717333;7.351133;Südwesthang;Versant sud-ouest;Versante sud-occidentale;south-western oriented slope;https://www.meteoschweiz.admin.ch/service-und-publikationen/applikationen/messwerte-und-messnetze.html#param=messnetz-manuell&station=SAB;https://www.meteosuisse.admin.ch/services-et-publications/applications/valeurs-mesurees-et-reseaux-de-mesure.html#param=messnetz-manuell&station=SAB;https://www.meteosvizzera.admin.ch/servizi-e-pubblicazioni/applicazioni/valori-attuali-e-reti-di-misura.html#param=messnetz-manuell&station=SAB;https://www.meteoswiss.admin.ch/services-and-publications/applications/measurement-values-and-measuring-networks.html#param=messnetz-manuell&station=SAB
SAE;Säntis;AI;0-20000-0-06680;Automatische Wetterstationen;Stations météorologiques automatiques;Stazioni meteorologiche automatiche;Automatic weather stations;MeteoSchweiz;01.01.1864;2501;2494;2744188;1234920;47.249447;9.343469;Gipfellage;Sommet;Vetta;crest;https://www.meteoschweiz.admin.ch/service-und-publikationen/applikationen/messwerte-und-messnetze.html#param=messnetz-automatisch&station=SAE;https://www.meteosuisse.admin.ch/services-et-publications/applications/valeurs-mesurees-et-reseaux-de-mesure.html#param=messnetz-automatisch&station=SAE;https://www.meteosvizzera.admin.ch/servizi-e-pubblicazioni/applicazioni/valori-attuali-e-reti-di-misura.html#param=messnetz-automatisch&station=SAE;https://www.meteoswiss.admin.ch/services-and-publications/applications/measurement-values-and-measuring-networks.html#param=messnetz-automatisch&station=SAE
SAF;Saas Fee;VS;0-756-0-SAF;Manuelle Niederschlagsstationen;Stations pluviométriques manuelles;Stazioni pluviometriche manuali;Manual precipitation stations;MeteoSchweiz;01.01.1959;1796;;2638235;1106762;46.111269;7.933175;Ebene;Plaine;Pianura;plain;https://www.meteoschweiz.admin.ch/service-und-publikationen/applikationen/messwerte-und-messnetze.html#param=messnetz-manuell&station=SAF;https://www.meteosuisse.admin.ch/services-et-publications/applications/valeurs-mesurees-et-reseaux-de-mesure.html#param=messnetz-manuell&station=SAF;https://www.meteosvizzera.admin.ch/servizi-e-pubblicazioni/applicazioni/valori-attuali-e-reti-di-misura.html#param=messnetz-manuell&station=SAF;https://www.meteoswiss.admin.ch/services-and-publications/applications/measurement-values-and-measuring-networks.html#param=messnetz-manuell&station=SAF
SAG;Sattel, SZ;SZ;0-20000-0-06662;Automatische Wetterstationen;Stations météorologiques automatiques;Stazioni meteorologiche automatiche;Automatic weather stations;MeteoSchweiz;01.01.1901;790;791;2691000;1215145;47.081064;8.636967;Ebene;Plaine;Pianura;plain;https://www.meteoschweiz.admin.ch/service-und-publikationen/applikationen/messwerte-und-messnetze.html#param=messnetz-automatisch&station=SAG;https://www.meteosuisse.admin.ch/services-et-publications/applications/valeurs-mesurees-et-reseaux-de-mesure.html#param=messnetz-automatisch&station=SAG;https://www.meteosvizzera.admin.ch/servizi-e-pubblicazioni/applicazioni/valori-attuali-e-reti-di-misura.html#param=messnetz-automatisch&station=SAG;https://www.meteoswiss.admin.ch/services-and-publications/applications/measurement-values-and-measuring-networks.html#param=messnetz-automatisch&station=SAG
SAI;Saignelégier;JU;0-756-0-SAI;Automatische Niederschlagsstationen;Stations pluviométriques automatiques;Stazioni pluviometriche automatiche;Automatic precipitation stations;MeteoSchweiz;01.01.1901;883;;2565349;1234101;47.256906;6.980856;Nordhang;Versant nord;Versante settentrionale;northern oriented slope;https://www.meteoschweiz.admin.ch/service-und-publikationen/applikationen/messwerte-und-messnetze.html#param=messnetz-automatisch&station=SAI;https://www.meteosuisse.admin.ch/services-et-publications/applications/valeurs-mesurees-et-reseaux-de-mesure.html#param=messnetz-automatisch&station=SAI;https://www.meteosvizzera.admin.ch/servizi-e-pubblicazioni/applicazioni/valori-attuali-e-reti-di-misura.html#param=messnetz-automatisch&station=SAI;https://www.meteoswiss.admin.ch/services-and-publications/applications/measurement-values-and-measuring-networks.html#param=messnetz-automatisch&station=SAI
SAM;Samedan;GR;0-20000-0-06792;Automatische Wetterstationen;Stations météorologiques automatiques;Stazioni meteorologiche automatiche;Automatic weather stations;MeteoSchweiz;01.01.1864;1709;1710;2787251;1155685;46.526247;9.879469;Ebene;Plaine;Pianura;plain;https://www.meteoschweiz.admin.ch/service-und-publikationen/applikationen/messwerte-und-messnetze.html#param=messnetz-automatisch&station=SAM;https://www.meteosuisse.admin.ch/services-et-publications/applications/valeurs-mesurees-et-reseaux-de-mesure.html#param=messnetz-automatisch&station=SAM;https://www.meteosvizzera.admin.ch/servizi-e-pubblicazioni/applicazioni/valori-attuali-e-reti-di-misura.html#param=messnetz-automatisch&station=SAM;https://www.meteoswiss.admin.ch/services-and-publications/applications/measurement-values-and-measuring-networks.html#param=messnetz-automatisch&station=SAM
SAN;St. Antönien;GR;0-756-0-SAN;Automatische Niederschlagsstationen;Stations pluviométriques automatiques;Stazioni pluviometriche automatiche;Automatic precipitation stations;MeteoSchweiz;01.01.1961;1456;;2781635;1205103;46.972131;9.825917;Tal;Vallée;Valle;valley;https://www.meteoschweiz.admin.ch/service-und-publikationen/applikationen/messwerte-und-messnetze.html#param=messnetz-automatisch&station=SAN;https://www.meteosuisse.admin.ch/services-et-publications/applications/valeurs-mesurees-et-reseaux-de-mesure.html#param=messnetz-automatisch&station=SAN;https://www.meteosvizzera.admin.ch/servizi-e-pubblicazioni/applicazioni/valori-attuali-e-reti-di-misura.html#param=messnetz-automatisch&station=SAN;https://www.meteoswiss.admin.ch/services-and-publications/applications/measurement-values-and-measuring-networks.html#param=messnetz-automatisch&station=SAN
SAP;Safien Platz;GR;0-756-0-SAP;Automatische Niederschlagsstationen;Stations pluviométriques automatiques;Stazioni pluviometriche automatiche;Automatic precipitation stations;MeteoSchweiz;01.01.1901;1296;;2743557;1171437;46.678703;9.315078;Tal;Vallée;Valle;valley;https://www.meteoschweiz.admin.ch/service-und-publikationen/applikationen/messwerte-und-messnetze.html#param=messnetz-automatisch&station=SAP;https://www.meteosuisse.admin.ch/services-et-publications/applications/valeurs-mesurees-et-reseaux-de-mesure.html#param=messnetz-automatisch&station=SAP;https://www.meteosvizzera.admin.ch/servizi-e-pubblicazioni/applicazioni/valori-attuali-e-reti-di-misura.html#param=messnetz-automatisch&station=SAP;https://www.meteoswiss.admin.ch/services-and-publications/applications/measurement-values-and-measuring-networks.html#param=messnetz-automatisch&station=SAP
SAR;Sargans;SG;0-756-0-SAR;Manuelle Niederschlagsstationen;Stations pluviométriques manuelles;Stazioni pluviometriche manuali;Manual precipitation stations;MeteoSchweiz;01.01.1864;585;;2752066;1213348;47.053708;9.440231;Südhang;Versant sud;Versante meridionale;southern oriented slope;https://www.meteoschweiz.admin.ch/service-und-publikationen/applikationen/messwerte-und-messnetze.html#param=messnetz-manuell&station=SAR;https://www.meteosuisse.admin.ch/services-et-publications/applications/valeurs-mesurees-et-reseaux-de-mesure.html#param=messnetz-manuell&station=SAR;https://www.meteosvizzera.admin.ch/servizi-e-pubblicazioni/applicazioni/valori-attuali-e-reti-di-misura.html#param=messnetz-manuell&station=SAR;https://www.meteoswiss.admin.ch/services-and-publications/applications/measurement-values-and-measuring-networks.html#param=messnetz-manuell&station=SAR
SAX;Salez / Saxerriet;SG;0-756-0-SAX;Automatische Niederschlagsstationen;Stations pluviométriques automatiques;Stazioni pluviometriche automatiche;Automatic precipitation stations;MeteoSchweiz;01.01.1961;436;;2755559;1233374;47.232961;9.493086;Ebene;Plaine;Pianura;plain;https://www.meteoschweiz.admin.ch/service-und-publikationen/applikationen/messwerte-und-messnetze.html#param=messnetz-automatisch&station=SAX;https://www.meteosuisse.admin.ch/services-et-publications/applications/valeurs-mesurees-et-reseaux-de-mesure.html#param=messnetz-automatisch&station=SAX;https://www.meteosvizzera.admin.ch/servizi-e-pubblicazioni/applicazioni/valori-attuali-e-reti-di-misura.html#param=messnetz-automatisch&station=SAX;https://www.meteoswiss.admin.ch/services-and-publications/applications/measurement-values-and-measuring-networks.html#param=messnetz-automatisch&station=SAX
SBE;S. Bernardino;GR;0-20000-0-06783;Automatische Wetterstationen;Stations météorologiques automatiques;Stazioni meteorologiche automatiche;Automatic weather stations;MeteoSchweiz, SLF;01.01.1864;1639;1640;2734116;1147294;46.463542;9.1847;Tal;Vallée;Valle;valley;https://www.meteoschweiz.admin.ch/service-und-publikationen/applikationen/messwerte-und-messnetze.html#param=messnetz-automatisch&station=SBE;https://www.meteosuisse.admin.ch/services-et-publications/applications/valeurs-mesurees-et-reseaux-de-mesure.html#param=messnetz-automatisch&station=SBE;https://www.meteosvizzera.admin.ch/servizi-e-pubblicazioni/applicazioni/valori-attuali-e-reti-di-misura.html#param=messnetz-automatisch&station=SBE;https://www.meteoswiss.admin.ch/services-and-publications/applications/measurement-values-and-measuring-networks.html#param=messnetz-automatisch&station=SBE
SBO;Stabio;TI;0-20000-0-06771;Automatische Wetterstationen;Stations météorologiques automatiques;Stazioni meteorologiche automatiche;Automatic weather stations;MeteoSchweiz;09.07.1981;351;353;2716049;1077972;45.843444;8.932364;Ebene;Plaine;Pianura;plain;https://www.meteoschweiz.admin.ch/service-und-publikationen/applikationen/messwerte-und-messnetze.html#param=messnetz-automatisch&station=SBO;https://www.meteosuisse.admin.ch/services-et-publications/applications/valeurs-mesurees-et-reseaux-de-mesure.html#param=messnetz-automatisch&station=SBO;https://www.meteosvizzera.admin.ch/servizi-e-pubblicazioni/applicazioni/valori-attuali-e-reti-di-misura.html#param=messnetz-automatisch&station=SBO;https://www.meteoswiss.admin.ch/services-and-publications/applications/measurement-values-and-measuring-networks.html#param=messnetz-automatisch&station=SBO
SCA;Schänis;SG;0-756-0-SCA;Manuelle Niederschlagsstationen;Stations pluviométriques manuelles;Stazioni pluviometriche manuali;Manual precipitation stations;MeteoSchweiz;01.01.1961;415;;2719941;1225580;47.170297;9.020753;Ebene;Plaine;Pianura;plain;https://www.meteoschweiz.admin.ch/service-und-publikationen/applikationen/messwerte-und-messnetze.html#param=messnetz-manuell&station=SCA;https://www.meteosuisse.admin.ch/services-et-publications/applications/valeurs-mesurees-et-reseaux-de-mesure.html#param=messnetz-manuell&station=SCA;https://www.meteosvizzera.admin.ch/servizi-e-pubblicazioni/applicazioni/valori-attuali-e-reti-di-misura.html#param=messnetz-manuell&station=SCA;https://www.meteoswiss.admin.ch/services-and-publications/applications/measurement-values-and-measuring-networks.html#param=messnetz-manuell&station=SCA
SCD;Scudellate;TI;0-756-0-SCD;Manuelle Niederschlagsstationen;Stations pluviométriques manuelles;Stazioni pluviometriche manuali;Manual precipitation stations;MeteoSchweiz;01.01.1974;921;;2724246;1086843;45.921769;9.040172;Südhang;Versant sud;Versante meridionale;southern oriented slope;https://www.meteoschweiz.admin.ch/service-und-publikationen/applikationen/messwerte-und-messnetze.html#param=messnetz-manuell&station=SCD;https://www.meteosuisse.admin.ch/services-et-publications/applications/valeurs-mesurees-et-reseaux-de-mesure.html#param=messnetz-manuell&station=SCD;https://www.meteosvizzera.admin.ch/servizi-e-pubblicazioni/applicazioni/valori-attuali-e-reti-di-misura.html#param=messnetz-manuell&station=SCD;https://www.meteoswiss.admin.ch/services-and-publications/applications/measurement-values-and-measuring-networks.html#param=messnetz-manuell&station=SCD
SCE;Schwarzenegg;BE;0-756-0-SCE;Manuelle Niederschlagsstationen;Stations pluviométriques manuelles;Stazioni pluviometriche manuali;Manual precipitation stations;MeteoSchweiz;01.01.1901;903;;2621738;1183941;46.806275;7.723419;Ebene;Plaine;Pianura;plain;https://www.meteoschweiz.admin.ch/service-und-publikationen/applikationen/messwerte-und-messnetze.html#param=messnetz-manuell&station=SCE;https://www.meteosuisse.admin.ch/services-et-publications/applications/valeurs-mesurees-et-reseaux-de-mesure.html#param=messnetz-manuell&station=SCE;https://www.meteosvizzera.admin.ch/servizi-e-pubblicazioni/applicazioni/valori-attuali-e-reti-di-misura.html#param=messnetz-manuell&station=SCE;https://www.meteoswiss.admin.ch/services-and-publications/applications/measurement-values-and-measuring-networks.html#param=messnetz-manuell&station=SCE
SCH;Schleitheim;SH;0-756-0-SCH;Manuelle Niederschlagsstationen;Stations pluviométriques manuelles;Stazioni pluviometriche manuali;Manual precipitation stations;MeteoSchweiz;01.01.1900;497;;2678236;1288717;47.74435;8.481778;Anhöhe (30 - 100 m über Talsohle);Butte (30-100 m au-dessus du fond de vallée);Collina (30 - 100 m sopra il fondovalle);height (30-100 m above valley);https://www.meteoschweiz.admin.ch/service-und-publikationen/applikationen/messwerte-und-messnetze.html#param=messnetz-manuell&station=SCH;https://www.meteosuisse.admin.ch/services-et-publications/applications/valeurs-mesurees-et-reseaux-de-mesure.html#param=messnetz-manuell&station=SCH;https://www.meteosvizzera.admin.ch/servizi-e-pubblicazioni/applicazioni/valori-attuali-e-reti-di-misura.html#param=messnetz-manuell&station=SCH;https://www.meteoswiss.admin.ch/services-and-publications/applications/measurement-values-and-measuring-networks.html#param=messnetz-manuell&station=SCH
SCU;Scuol;GR;0-20000-0-06798;Automatische Wetterstationen;Stations météorologiques automatiques;Stazioni meteorologiche automatiche;Automatic weather stations;MeteoSchweiz;01.01.1881;1304;1305;2817139;1186393;46.793275;10.283267;Südosthang;Versant sud-est;Versante sud-orientale;south-eastern oriented slope;https://www.meteoschweiz.admin.ch/service-und-publikationen/applikationen/messwerte-und-messnetze.html#param=messnetz-automatisch&station=SCU;https://www.meteosuisse.admin.ch/services-et-publications/applications/valeurs-mesurees-et-reseaux-de-mesure.html#param=messnetz-automatisch&station=SCU;https://www.meteosvizzera.admin.ch/servizi-e-pubblicazioni/applicazioni/valori-attuali-e-reti-di-misura.html#param=messnetz-automatisch&station=SCU;https://www.meteoswiss.admin.ch/services-and-publications/applications/measurement-values-and-measuring-networks.html#param=messnetz-automatisch&station=SCU
SDO;Splügen;GR;0-756-0-SDO;Manuelle Niederschlagsstationen;Stations pluviométriques manuelles;Stazioni pluviometriche manuali;Manual precipitation stations;MeteoSchweiz;01.01.1901;1455;;2744459;1157443;46.552664;9.322467;Ebene;Plaine;Pianura;plain;https://www.meteoschweiz.admin.ch/service-und-publikationen/applikationen/messwerte-und-messnetze.html#param=messnetz-manuell&station=SDO;https://www.meteosuisse.admin.ch/services-et-publications/applications/valeurs-mesurees-et-reseaux-de-mesure.html#param=messnetz-manuell&station=SDO;https://www.meteosvizzera.admin.ch/servizi-e-pubblicazioni/applicazioni/valori-attuali-e-reti-di-misura.html#param=messnetz-manuell&station=SDO;https://www.meteoswiss.admin.ch/services-and-publications/applications/measurement-values-and-measuring-networks.html#param=messnetz-manuell&station=SDO
SED;Sedrun;GR;0-756-0-SED;Manuelle Niederschlagsstationen;Stations pluviométriques manuelles;Stazioni pluviometriche manuali;Manual precipitation stations;MeteoSchweiz;01.01.1900;1431;;2699953;1169849;46.672375;8.744906;Südhang;Versant sud;Versante meridionale;southern oriented slope;https://www.meteoschweiz.admin.ch/service-und-publikationen/applikationen/messwerte-und-messnetze.html#param=messnetz-manuell&station=SED;https://www.meteosuisse.admin.ch/services-et-publications/applications/valeurs-mesurees-et-reseaux-de-mesure.html#param=messnetz-manuell&station=SED;https://www.meteosvizzera.admin.ch/servizi-e-pubblicazioni/applicazioni/valori-attuali-e-reti-di-misura.html#param=messnetz-manuell&station=SED;https://www.meteoswiss.admin.ch/services-and-publications/applications/measurement-values-and-measuring-networks.html#param=messnetz-manuell&station=SED
SEM;Semsales;FR;0-756-0-SEM;Manuelle Niederschlagsstationen;Stations pluviométriques manuelles;Stazioni pluviometriche manuali;Manual precipitation stations;MeteoSchweiz;01.01.1969;874;;2561109;1158427;46.575986;6.931294;Westhang;Versant ouest;Versante occidentale;western oriented slope;https://www.meteoschweiz.admin.ch/service-und-publikationen/applikationen/messwerte-und-messnetze.html#param=messnetz-manuell&station=SEM;https://www.meteosuisse.admin.ch/services-et-publications/applications/valeurs-mesurees-et-reseaux-de-mesure.html#param=messnetz-manuell&station=SEM;https://www.meteosvizzera.admin.ch/servizi-e-pubblicazioni/applicazioni/valori-attuali-e-reti-di-misura.html#param=messnetz-manuell&station=SEM;https://www.meteoswiss.admin.ch/services-and-publications/applications/measurement-values-and-measuring-networks.html#param=messnetz-manuell&station=SEM
SEV;Sevelen;SG;0-756-0-SEV;Manuelle Niederschlagsstationen;Stations pluviométriques manuelles;Stazioni pluviometriche manuali;Manual precipitation stations;MeteoSchweiz;01.01.1901;457;;2756827;1222204;47.132231;9.505947;Ebene;Plaine;Pianura;plain;https://www.meteoschweiz.admin.ch/service-und-publikationen/applikationen/messwerte-und-messnetze.html#param=messnetz-manuell&station=SEV;https://www.meteosuisse.admin.ch/services-et-publications/applications/valeurs-mesurees-et-reseaux-de-mesure.html#param=messnetz-manuell&station=SEV;https://www.meteosvizzera.admin.ch/servizi-e-pubblicazioni/applicazioni/valori-attuali-e-reti-di-misura.html#param=messnetz-manuell&station=SEV;https://www.meteoswiss.admin.ch/services-and-publications/applications/measurement-values-and-measuring-networks.html#param=messnetz-manuell&station=SEV
SGD;Stiegelschwand;BE;0-756-0-SGD;Manuelle Niederschlagsstationen;Stations pluviométriques manuelles;Stazioni pluviometriche manuali;Manual precipitation stations;MeteoSchweiz;01.11.1972;1456;;2607170;1148546;46.488189;7.532022;Südhang;Versant sud;Versante meridionale;southern oriented slope;https://www.meteoschweiz.admin.ch/service-und-publikationen/applikationen/messwerte-und-messnetze.html#param=messnetz-manuell&station=SGD;https://www.meteosuisse.admin.ch/services-et-publications/applications/valeurs-mesurees-et-reseaux-de-mesure.html#param=messnetz-manuell&station=SGD;https://www.meteosvizzera.admin.ch/servizi-e-pubblicazioni/applicazioni/valori-attuali-e-reti-di-misura.html#param=messnetz-manuell&station=SGD;https://www.meteoswiss.admin.ch/services-and-publications/applications/measurement-values-and-measuring-networks.html#param=messnetz-manuell&station=SGD
SHA;Schaffhausen;SH;0-20000-0-06620;Automatische Wetterstationen;Stations météorologiques automatiques;Stazioni meteorologiche automatiche;Automatic weather stations;MeteoSchweiz;01.10.1863;438;440;2688704;1282803;47.689842;8.620142;Osthang;Versant est;Versante orientale;eastern oriented slope;https://www.meteoschweiz.admin.ch/service-und-publikationen/applikationen/messwerte-und-messnetze.html#param=messnetz-automatisch&station=SHA;https://www.meteosuisse.admin.ch/services-et-publications/applications/valeurs-mesurees-et-reseaux-de-mesure.html#param=messnetz-automatisch&station=SHA;https://www.meteosvizzera.admin.ch/servizi-e-pubblicazioni/applicazioni/valori-attuali-e-reti-di-misura.html#param=messnetz-automatisch&station=SHA;https://www.meteoswiss.admin.ch/services-and-publications/applications/measurement-values-and-measuring-networks.html#param=messnetz-automatisch&station=SHA
SIA;Segl-Maria;GR;0-20000-0-06779;Automatische Wetterstationen;Stations météorologiques automatiques;Stazioni meteorologiche automatiche;Automatic weather stations;MeteoSchweiz;01.12.1863;1804;1805;2778576;1144976;46.432331;9.762325;Ebene;Plaine;Pianura;plain;https://www.meteoschweiz.admin.ch/service-und-publikationen/applikationen/messwerte-und-messnetze.html#param=messnetz-automatisch&station=SIA;https://www.meteosuisse.admin.ch/services-et-publications/applications/valeurs-mesurees-et-reseaux-de-mesure.html#param=messnetz-automatisch&station=SIA;https://www.meteosvizzera.admin.ch/servizi-e-pubblicazioni/applicazioni/valori-attuali-e-reti-di-misura.html#param=messnetz-automatisch&station=SIA;https://www.meteoswiss.admin.ch/services-and-publications/applications/measurement-values-and-measuring-networks.html#param=messnetz-automatisch&station=SIA
SIE;Siebnen;SZ;0-756-0-SIE;Automatische Niederschlagsstationen;Stations pluviométriques automatiques;Stazioni pluviometriche automatiche;Automatic precipitation stations;MeteoSchweiz;01.01.1961;452;;2710822;1225538;47.171511;8.900483;Nordhang;Versant nord;Versante settentrionale;northern oriented slope;https://www.meteoschweiz.admin.ch/service-und-publikationen/applikationen/messwerte-und-messnetze.html#param=messnetz-automatisch&station=SIE;https://www.meteosuisse.admin.ch/services-et-publications/applications/valeurs-mesurees-et-reseaux-de-mesure.html#param=messnetz-automatisch&station=SIE;https://www.meteosvizzera.admin.ch/servizi-e-pubblicazioni/applicazioni/valori-attuali-e-reti-di-misura.html#param=messnetz-automatisch&station=SIE;https://www.meteoswiss.admin.ch/services-and-publications/applications/measurement-values-and-measuring-networks.html#param=messnetz-automatisch&station=SIE
SIH;Sihlbrugg;ZG;0-756-0-SIH;Automatische Niederschlagsstationen;Stations pluviométriques automatiques;Stazioni pluviometriche automatiche;Automatic precipitation stations;MeteoSchweiz;01.01.1961;549;;2686319;1230586;47.220561;8.578283;Südosthang;Versant sud-est;Versante sud-orientale;south-eastern oriented slope;https://www.meteoschweiz.admin.ch/service-und-publikationen/applikationen/messwerte-und-messnetze.html#param=messnetz-automatisch&station=SIH;https://www.meteosuisse.admin.ch/services-et-publications/applications/valeurs-mesurees-et-reseaux-de-mesure.html#param=messnetz-automatisch&station=SIH;https://www.meteosvizzera.admin.ch/servizi-e-pubblicazioni/applicazioni/valori-attuali-e-reti-di-misura.html#param=messnetz-automatisch&station=SIH;https://www.meteoswiss.admin.ch/services-and-publications/applications/measurement-values-and-measuring-networks.html#param=messnetz-automatisch&station=SIH
SIM;Simplon-Dorf;VS;0-20000-0-06654;Automatische Wetterstationen;Stations météorologiques automatiques;Stazioni meteorologiche automatiche;Automatic weather stations;MeteoSchweiz;01.01.1961;1465;1473;2647683;1116340;46.196825;8.056336;Tal;Vallée;Valle;valley;https://www.meteoschweiz.admin.ch/service-und-publikationen/applikationen/messwerte-und-messnetze.html#param=messnetz-automatisch&station=SIM;https://www.meteosuisse.admin.ch/services-et-publications/applications/valeurs-mesurees-et-reseaux-de-mesure.html#param=messnetz-automatisch&station=SIM;https://www.meteosvizzera.admin.ch/servizi-e-pubblicazioni/applicazioni/valori-attuali-e-reti-di-misura.html#param=messnetz-automatisch&station=SIM;https://www.meteoswiss.admin.ch/services-and-publications/applications/measurement-values-and-measuring-networks.html#param=messnetz-automatisch&station=SIM
SIO;Sion;VS;0-20000-0-06720;Automatische Wetterstationen;Stations météorologiques automatiques;Stazioni meteorologiche automatiche;Automatic weather stations;MeteoSchweiz;01.01.1864;482;483;2591633;1118584;46.21865;7.330203;Ebene;Plaine;Pianura;plain;https://www.meteoschweiz.admin.ch/service-und-publikationen/applikationen/messwerte-und-messnetze.html#param=messnetz-automatisch&station=SIO;https://www.meteosuisse.admin.ch/services-et-publications/applications/valeurs-mesurees-et-reseaux-de-mesure.html#param=messnetz-automatisch&station=SIO;https://www.meteosvizzera.admin.ch/servizi-e-pubblicazioni/applicazioni/valori-attuali-e-reti-di-misura.html#param=messnetz-automatisch&station=SIO;https://www.meteoswiss.admin.ch/services-and-publications/applications/measurement-values-and-measuring-networks.html#param=messnetz-automatisch&station=SIO
SIS;Sissach;BL;0-756-0-SIS;Manuelle Niederschlagsstationen;Stations pluviométriques manuelles;Stazioni pluviometriche manuali;Manual precipitation stations;MeteoSchweiz;01.01.1969;374;;2627501;1257130;47.464375;7.803369;Ebene;Plaine;Pianura;plain;https://www.meteoschweiz.admin.ch/service-und-publikationen/applikationen/messwerte-und-messnetze.html#param=messnetz-manuell&station=SIS;https://www.meteosuisse.admin.ch/services-et-publications/applications/valeurs-mesurees-et-reseaux-de-mesure.html#param=messnetz-manuell&station=SIS;https://www.meteosvizzera.admin.ch/servizi-e-pubblicazioni/applicazioni/valori-attuali-e-reti-di-misura.html#param=messnetz-manuell&station=SIS;https://www.meteoswiss.admin.ch/services-and-publications/applications/measurement-values-and-measuring-networks.html#param=messnetz-manuell&station=SIS
SKO;Stallikon;ZH;0-756-0-SKO;Manuelle Niederschlagsstationen;Stations pluviométriques manuelles;Stazioni pluviometriche manuali;Manual precipitation stations;MeteoSchweiz;01.01.1961;754;;2680334;1239849;47.304628;8.500936;Westhang;Versant ouest;Versante occidentale;western oriented slope;https://www.meteoschweiz.admin.ch/service-und-publikationen/applikationen/messwerte-und-messnetze.html#param=messnetz-manuell&station=SKO;https://www.meteosuisse.admin.ch/services-et-publications/applications/valeurs-mesurees-et-reseaux-de-mesure.html#param=messnetz-manuell&station=SKO;https://www.meteosvizzera.admin.ch/servizi-e-pubblicazioni/applicazioni/valori-attuali-e-reti-di-misura.html#param=messnetz-manuell&station=SKO;https://www.meteoswiss.admin.ch/services-and-publications/applications/measurement-values-and-measuring-networks.html#param=messnetz-manuell&station=SKO
SMA;Zürich / Fluntern;ZH;0-20000-0-06660;Automatische Wetterstationen;Stations météorologiques automatiques;Stazioni meteorologiche automatiche;Automatic weather stations;MeteoSchweiz;01.01.1864;556;557;2685118;1248066;47.377925;8.565742;Südhang;Versant sud;Versante meridionale;southern oriented slope;https://www.meteoschweiz.admin.ch/service-und-publikationen/applikationen/messwerte-und-messnetze.html#param=messnetz-automatisch&station=SMA;https://www.meteosuisse.admin.ch/services-et-publications/applications/valeurs-mesurees-et-reseaux-de-mesure.html#param=messnetz-automatisch&station=SMA;https://www.meteosvizzera.admin.ch/servizi-e-pubblicazioni/applicazioni/valori-attuali-e-reti-di-misura.html#param=messnetz-automatisch&station=SMA;https://www.meteoswiss.admin.ch/services-and-publications/applications/measurement-values-and-measuring-networks.html#param=messnetz-automatisch&station=SMA
SMM;Sta. Maria, Val Müstair;GR;0-20000-0-06796;Automatische Wetterstationen;Stations météorologiques automatiques;Stazioni meteorologiche automatiche;Automatic weather stations;MeteoSchweiz, SLF;01.10.1900;1386;1387;2828862;1165580;46.602256;10.426314;Nordwesthang;Versant nord-ouest;Versante nord-occidentale;north-western oriented slope;https://www.meteoschweiz.admin.ch/service-und-publikationen/applikationen/messwerte-und-messnetze.html#param=messnetz-automatisch&station=SMM;https://www.meteosuisse.admin.ch/services-et-publications/applications/valeurs-mesurees-et-reseaux-de-mesure.html#param=messnetz-automatisch&station=SMM;https://www.meteosvizzera.admin.ch/servizi-e-pubblicazioni/applicazioni/valori-attuali-e-reti-di-misura.html#param=messnetz-automatisch&station=SMM;https://www.meteoswiss.admin.ch/services-and-publications/applications/measurement-values-and-measuring-networks.html#param=messnetz-automatisch&station=SMM
SNS;Stans;NW;0-756-0-SNS;Manuelle Niederschlagsstationen;Stations pluviométriques manuelles;Stazioni pluviometriche manuali;Manual precipitation stations;MeteoSchweiz;01.01.1961;439;;2669016;1202412;46.969189;8.345558;Ebene;Plaine;Pianura;plain;https://www.meteoschweiz.admin.ch/service-und-publikationen/applikationen/messwerte-und-messnetze.html#param=messnetz-manuell&station=SNS;https://www.meteosuisse.admin.ch/services-et-publications/applications/valeurs-mesurees-et-reseaux-de-mesure.html#param=messnetz-manuell&station=SNS;https://www.meteosvizzera.admin.ch/servizi-e-pubblicazioni/applicazioni/valori-attuali-e-reti-di-misura.html#param=messnetz-manuell&station=SNS;https://www.meteoswiss.admin.ch/services-and-publications/applications/measurement-values-and-measuring-networks.html#param=messnetz-manuell&station=SNS
SOG;Soglio;GR;0-756-0-SOG;Automatische Niederschlagsstationen;Stations pluviométriques automatiques;Stazioni pluviometriche automatiche;Automatic precipitation stations;MeteoSchweiz;01.02.1884;1088;;2761418;1134510;46.342567;9.535533;Südhang;Versant sud;Versante meridionale;southern oriented slope;https://www.meteoschweiz.admin.ch/service-und-publikationen/applikationen/messwerte-und-messnetze.html#param=messnetz-automatisch&station=SOG;https://www.meteosuisse.admin.ch/services-et-publications/applications/valeurs-mesurees-et-reseaux-de-mesure.html#param=messnetz-automatisch&station=SOG;https://www.meteosvizzera.admin.ch/servizi-e-pubblicazioni/applicazioni/valori-attuali-e-reti-di-misura.html#param=messnetz-automatisch&station=SOG;https://www.meteoswiss.admin.ch/services-and-publications/applications/measurement-values-and-measuring-networks.html#param=messnetz-automatisch&station=SOG
SON;Sonogno;TI;0-756-0-SON;Manuelle Niederschlagsstationen;Stations pluviométriques manuelles;Stazioni pluviometriche manuali;Manual precipitation stations;MeteoSchweiz;01.01.1961;910;;2703884;1134026;46.349581;8.788228;Tal;Vallée;Valle;valley;https://www.meteoschweiz.admin.ch/service-und-publikationen/applikationen/messwerte-und-messnetze.html#param=messnetz-manuell&station=SON;https://www.meteosuisse.admin.ch/services-et-publications/applications/valeurs-mesurees-et-reseaux-de-mesure.html#param=messnetz-manuell&station=SON;https://www.meteosvizzera.admin.ch/servizi-e-pubblicazioni/applicazioni/valori-attuali-e-reti-di-misura.html#param=messnetz-manuell&station=SON;https://www.meteoswiss.admin.ch/services-and-publications/applications/measurement-values-and-measuring-networks.html#param=messnetz-manuell&station=SON
SPA;Sempach;LU;0-756-0-SPA;Manuelle Niederschlagsstationen;Stations pluviométriques manuelles;Stazioni pluviometriche manuali;Manual precipitation stations;MeteoSchweiz;01.01.1961;532;;2657440;1220764;47.135364;8.195781;Ebene;Plaine;Pianura;plain;https://www.meteoschweiz.admin.ch/service-und-publikationen/applikationen/messwerte-und-messnetze.html#param=messnetz-manuell&station=SPA;https://www.meteosuisse.admin.ch/services-et-publications/applications/valeurs-mesurees-et-reseaux-de-mesure.html#param=messnetz-manuell&station=SPA;https://www.meteosvizzera.admin.ch/servizi-e-pubblicazioni/applicazioni/valori-attuali-e-reti-di-misura.html#param=messnetz-manuell&station=SPA;https://www.meteoswiss.admin.ch/services-and-publications/applications/measurement-values-and-measuring-networks.html#param=messnetz-manuell&station=SPA
SPZ;St. Peterzell;SG;0-756-0-SPZ;Manuelle Niederschlagsstationen;Stations pluviométriques manuelles;Stazioni pluviometriche manuali;Manual precipitation stations;MeteoSchweiz;01.01.1901;700;;2731251;1242140;47.317064;9.174725;Ebene;Plaine;Pianura;plain;https://www.meteoschweiz.admin.ch/service-und-publikationen/applikationen/messwerte-und-messnetze.html#param=messnetz-manuell&station=SPZ;https://www.meteosuisse.admin.ch/services-et-publications/applications/valeurs-mesurees-et-reseaux-de-mesure.html#param=messnetz-manuell&station=SPZ;https://www.meteosvizzera.admin.ch/servizi-e-pubblicazioni/applicazioni/valori-attuali-e-reti-di-misura.html#param=messnetz-manuell&station=SPZ;https://www.meteoswiss.admin.ch/services-and-publications/applications/measurement-values-and-measuring-networks.html#param=messnetz-manuell&station=SPZ
SRE;Sierre;VS;0-756-0-SRE;Manuelle Niederschlagsstationen;Stations pluviométriques manuelles;Stazioni pluviometriche manuali;Manual precipitation stations;MeteoSchweiz;01.01.1892;540;;2608597;1127297;46.297028;7.550214;Ebene;Plaine;Pianura;plain;https://www.meteoschweiz.admin.ch/service-und-publikationen/applikationen/messwerte-und-messnetze.html#param=messnetz-manuell&station=SRE;https://www.meteosuisse.admin.ch/services-et-publications/applications/valeurs-mesurees-et-reseaux-de-mesure.html#param=messnetz-manuell&station=SRE;https://www.meteosvizzera.admin.ch/servizi-e-pubblicazioni/applicazioni/valori-attuali-e-reti-di-misura.html#param=messnetz-manuell&station=SRE;https://www.meteoswiss.admin.ch/services-and-publications/applications/measurement-values-and-measuring-networks.html#param=messnetz-manuell&station=SRE
SRN;Sarnen;OW;0-756-0-SRN;Manuelle Niederschlagsstationen;Stations pluviométriques manuelles;Stazioni pluviometriche manuali;Manual precipitation stations;MeteoSchweiz;01.10.1895;471;;2662148;1194360;46.897442;8.254217;Ebene;Plaine;Pianura;plain;https://www.meteoschweiz.admin.ch/service-und-publikationen/applikationen/messwerte-und-messnetze.html#param=messnetz-manuell&station=SRN;https://www.meteosuisse.admin.ch/services-et-publications/applications/valeurs-mesurees-et-reseaux-de-mesure.html#param=messnetz-manuell&station=SRN;https://www.meteosvizzera.admin.ch/servizi-e-pubblicazioni/applicazioni/valori-attuali-e-reti-di-misura.html#param=messnetz-manuell&station=SRN;https://www.meteoswiss.admin.ch/services-and-publications/applications/measurement-values-and-measuring-networks.html#param=messnetz-manuell&station=SRN
STB;Starkenbach;SG;0-756-0-STB;Automatische Niederschlagsstationen;Stations pluviométriques automatiques;Stazioni pluviometriche automatiche;Automatic precipitation stations;MeteoSchweiz;01.08.1898;897;;2737314;1227576;47.184867;9.250447;Tal;Vallée;Valle;valley;https://www.meteoschweiz.admin.ch/service-und-publikationen/applikationen/messwerte-und-messnetze.html#param=messnetz-automatisch&station=STB;https://www.meteosuisse.admin.ch/services-et-publications/applications/valeurs-mesurees-et-reseaux-de-mesure.html#param=messnetz-automatisch&station=STB;https://www.meteosvizzera.admin.ch/servizi-e-pubblicazioni/applicazioni/valori-attuali-e-reti-di-misura.html#param=messnetz-automatisch&station=STB;https://www.meteoswiss.admin.ch/services-and-publications/applications/measurement-values-and-measuring-networks.html#param=messnetz-automatisch&station=STB
STE;Steckborn;TG;0-756-0-STE;Manuelle Niederschlagsstationen;Stations pluviométriques manuelles;Stazioni pluviometriche manuali;Manual precipitation stations;MeteoSchweiz;01.01.1901;399;;2715170;1280180;47.662131;8.971903;Ebene;Plaine;Pianura;plain;https://www.meteoschweiz.admin.ch/service-und-publikationen/applikationen/messwerte-und-messnetze.html#param=messnetz-manuell&station=STE;https://www.meteosuisse.admin.ch/services-et-publications/applications/valeurs-mesurees-et-reseaux-de-mesure.html#param=messnetz-manuell&station=STE;https://www.meteosvizzera.admin.ch/servizi-e-pubblicazioni/applicazioni/valori-attuali-e-reti-di-misura.html#param=messnetz-manuell&station=STE;https://www.meteoswiss.admin.ch/services-and-publications/applications/measurement-values-and-measuring-networks.html#param=messnetz-manuell&station=STE
STG;St. Gallen;SG;0-20000-0-06681;Automatische Wetterstationen;Stations météorologiques automatiques;Stazioni meteorologiche automatiche;Automatic weather stations;MeteoSchweiz;01.01.1864;776;777;2747866;1254588;47.425475;9.398528;Nordwesthang;Versant nord-ouest;Versante nord-occidentale;north-western oriented slope;https://www.meteoschweiz.admin.ch/service-und-publikationen/applikationen/messwerte-und-messnetze.html#param=messnetz-automatisch&station=STG;https://www.meteosuisse.admin.ch/services-et-publications/applications/valeurs-mesurees-et-reseaux-de-mesure.html#param=messnetz-automatisch&station=STG;https://www.meteosvizzera.admin.ch/servizi-e-pubblicazioni/applicazioni/valori-attuali-e-reti-di-misura.html#param=messnetz-automatisch&station=STG;https://www.meteoswiss.admin.ch/services-and-publications/applications/measurement-values-and-measuring-networks.html#param=messnetz-automatisch&station=STG
STP;Stöckalp;OW;0-756-0-STP;Automatische Niederschlagsstationen;Stations pluviométriques automatiques;Stazioni pluviometriche automatiche;Automatic precipitation stations;MeteoSchweiz;01.01.1969;1070;;2664321;1183550;46.8;8.281203;Nordosthang;Versant nord-est;Versante nord-orientale;north-eastern oriented slope;https://www.meteoschweiz.admin.ch/service-und-publikationen/applikationen/messwerte-und-messnetze.html#param=messnetz-automatisch&station=STP;https://www.meteosuisse.admin.ch/services-et-publications/applications/valeurs-mesurees-et-reseaux-de-mesure.html#param=messnetz-automatisch&station=STP;https://www.meteosvizzera.admin.ch/servizi-e-pubblicazioni/applicazioni/valori-attuali-e-reti-di-misura.html#param=messnetz-automatisch&station=STP;https://www.meteoswiss.admin.ch/services-and-publications/applications/measurement-values-and-measuring-networks.html#param=messnetz-automatisch&station=STP
STU;St. Urban;LU;0-756-0-STU;Manuelle Niederschlagsstationen;Stations pluviométriques manuelles;Stazioni pluviometriche manuali;Manual precipitation stations;MeteoSchweiz;01.01.1900;488;;2630370;1229411;47.214936;7.839542;Ebene;Plaine;Pianura;plain;https://www.meteoschweiz.admin.ch/service-und-publikationen/applikationen/messwerte-und-messnetze.html#param=messnetz-manuell&station=STU;https://www.meteosuisse.admin.ch/services-et-publications/applications/valeurs-mesurees-et-reseaux-de-mesure.html#param=messnetz-manuell&station=STU;https://www.meteosvizzera.admin.ch/servizi-e-pubblicazioni/applicazioni/valori-attuali-e-reti-di-misura.html#param=messnetz-manuell&station=STU;https://www.meteoswiss.admin.ch/services-and-publications/applications/measurement-values-and-measuring-networks.html#param=messnetz-manuell&station=STU
SUA;Schaan;FL;0-756-0-SUA;Automatische Niederschlagsstationen;Stations pluviométriques automatiques;Stazioni pluviometriche automatiche;Automatic precipitation stations;MeteoSchweiz;01.01.1969;444;;2755511;1228260;47.186989;9.490686;Ebene;Plaine;Pianura;plain;https://www.meteoschweiz.admin.ch/service-und-publikationen/applikationen/messwerte-und-messnetze.html#param=messnetz-automatisch&station=SUA;https://www.meteosuisse.admin.ch/services-et-publications/applications/valeurs-mesurees-et-reseaux-de-mesure.html#param=messnetz-automatisch&station=SUA;https://www.meteosvizzera.admin.ch/servizi-e-pubblicazioni/applicazioni/valori-attuali-e-reti-di-misura.html#param=messnetz-automatisch&station=SUA;https://www.meteoswiss.admin.ch/services-and-publications/applications/measurement-values-and-measuring-networks.html#param=messnetz-automatisch&station=SUA
SUS;Susch;GR;0-756-0-SUS;Automatische Niederschlagsstationen;Stations pluviométriques automatiques;Stazioni pluviometriche automatiche;Automatic precipitation stations;MeteoSchweiz;01.01.1901;1416;;2802003;1181593;46.754883;10.083011;Tal;Vallée;Valle;valley;https://www.meteoschweiz.admin.ch/service-und-publikationen/applikationen/messwerte-und-messnetze.html#param=messnetz-automatisch&station=SUS;https://www.meteosuisse.admin.ch/services-et-publications/applications/valeurs-mesurees-et-reseaux-de-mesure.html#param=messnetz-automatisch&station=SUS;https://www.meteosvizzera.admin.ch/servizi-e-pubblicazioni/applicazioni/valori-attuali-e-reti-di-misura.html#param=messnetz-automatisch&station=SUS;https://www.meteoswiss.admin.ch/services-and-publications/applications/measurement-values-and-measuring-networks.html#param=messnetz-automatisch&station=SUS
SVG;Savognin;GR;0-756-0-SVG;Automatische Niederschlagsstationen;Stations pluviométriques automatiques;Stazioni pluviometriche automatiche;Automatic precipitation stations;MeteoSchweiz;01.02.1892;1172;;2765388;1162663;46.594753;9.597142;Tal;Vallée;Valle;valley;https://www.meteoschweiz.admin.ch/service-und-publikationen/applikationen/messwerte-und-messnetze.html#param=messnetz-automatisch&station=SVG;https://www.meteosuisse.admin.ch/services-et-publications/applications/valeurs-mesurees-et-reseaux-de-mesure.html#param=messnetz-automatisch&station=SVG;https://www.meteosvizzera.admin.ch/servizi-e-pubblicazioni/applicazioni/valori-attuali-e-reti-di-misura.html#param=messnetz-automatisch&station=SVG;https://www.meteoswiss.admin.ch/services-and-publications/applications/measurement-values-and-measuring-networks.html#param=messnetz-automatisch&station=SVG
SWA;Schwägalp;AR;0-756-0-SWA;Manuelle Niederschlagsstationen;Stations pluviométriques manuelles;Stazioni pluviometriche manuali;Manual precipitation stations;MeteoSchweiz;01.01.1972;1348;;2742181;1235650;47.256442;9.317192;Passlage;Col;Passo;pass;https://www.meteoschweiz.admin.ch/service-und-publikationen/applikationen/messwerte-und-messnetze.html#param=messnetz-manuell&station=SWA;https://www.meteosuisse.admin.ch/services-et-publications/applications/valeurs-mesurees-et-reseaux-de-mesure.html#param=messnetz-manuell&station=SWA;https://www.meteosvizzera.admin.ch/servizi-e-pubblicazioni/applicazioni/valori-attuali-e-reti-di-misura.html#param=messnetz-manuell&station=SWA;https://www.meteoswiss.admin.ch/services-and-publications/applications/measurement-values-and-measuring-networks.html#param=messnetz-manuell&station=SWA
SWZ;Schwyz;SZ;0-756-0-SWZ;Manuelle Niederschlagsstationen;Stations pluviométriques manuelles;Stazioni pluviometriche manuali;Manual precipitation stations;MeteoSchweiz;01.01.1864;479;;2691647;1208412;47.020417;8.644119;Südhang;Versant sud;Versante meridionale;southern oriented slope;https://www.meteoschweiz.admin.ch/service-und-publikationen/applikationen/messwerte-und-messnetze.html#param=messnetz-manuell&station=SWZ;https://www.meteosuisse.admin.ch/services-et-publications/applications/valeurs-mesurees-et-reseaux-de-mesure.html#param=messnetz-manuell&station=SWZ;https://www.meteosvizzera.admin.ch/servizi-e-pubblicazioni/applicazioni/valori-attuali-e-reti-di-misura.html#param=messnetz-manuell&station=SWZ;https://www.meteoswiss.admin.ch/services-and-publications/applications/measurement-values-and-measuring-networks.html#param=messnetz-manuell&station=SWZ
SZB;Schwarzenburg;BE;0-756-0-SZB;Manuelle Niederschlagsstationen;Stations pluviométriques manuelles;Stazioni pluviometriche manuali;Manual precipitation stations;MeteoSchweiz;01.01.1901;806;;2593150;1184720;46.813597;7.348883;Ebene;Plaine;Pianura;plain;https://www.meteoschweiz.admin.ch/service-und-publikationen/applikationen/messwerte-und-messnetze.html#param=messnetz-manuell&station=SZB;https://www.meteosuisse.admin.ch/services-et-publications/applications/valeurs-mesurees-et-reseaux-de-mesure.html#param=messnetz-manuell&station=SZB;https://www.meteosvizzera.admin.ch/servizi-e-pubblicazioni/applicazioni/valori-attuali-e-reti-di-misura.html#param=messnetz-manuell&station=SZB;https://www.meteoswiss.admin.ch/services-and-publications/applications/measurement-values-and-measuring-networks.html#param=messnetz-manuell&station=SZB
TAE;Aadorf / Tänikon;TG;0-20000-0-06679;Automatische Wetterstationen;Stations météorologiques automatiques;Stazioni meteorologiche automatiche;Automatic weather stations;MeteoSchweiz;01.01.1970;539;539;2710518;1259824;47.479892;8.904928;Ebene;Plaine;Pianura;plain;https://www.meteoschweiz.admin.ch/service-und-publikationen/applikationen/messwerte-und-messnetze.html#param=messnetz-automatisch&station=TAE;https://www.meteosuisse.admin.ch/services-et-publications/applications/valeurs-mesurees-et-reseaux-de-mesure.html#param=messnetz-automatisch&station=TAE;https://www.meteosvizzera.admin.ch/servizi-e-pubblicazioni/applicazioni/valori-attuali-e-reti-di-misura.html#param=messnetz-automatisch&station=TAE;https://www.meteoswiss.admin.ch/services-and-publications/applications/measurement-values-and-measuring-networks.html#param=messnetz-automatisch&station=TAE
TAF;Tafers;FR;0-756-0-TAF;Manuelle Niederschlagsstationen;Stations pluviométriques manuelles;Stazioni pluviometriche manuali;Manual precipitation stations;MeteoSchweiz;01.01.1989;654;;2583020;1185350;46.819083;7.216131;Ebene;Plaine;Pianura;plain;https://www.meteoschweiz.admin.ch/service-und-publikationen/applikationen/messwerte-und-messnetze.html#param=messnetz-manuell&station=TAF;https://www.meteosuisse.admin.ch/services-et-publications/applications/valeurs-mesurees-et-reseaux-de-mesure.html#param=messnetz-manuell&station=TAF;https://www.meteosvizzera.admin.ch/servizi-e-pubblicazioni/applicazioni/valori-attuali-e-reti-di-misura.html#param=messnetz-manuell&station=TAF;https://www.meteoswiss.admin.ch/services-and-publications/applications/measurement-values-and-measuring-networks.html#param=messnetz-manuell&station=TAF
TAM;Tamins;GR;0-756-0-TAM;Manuelle Niederschlagsstationen;Stations pluviométriques manuelles;Stazioni pluviometriche manuali;Manual precipitation stations;MeteoSchweiz;01.01.1968;616;;2750352;1187944;46.82565;9.409281;Südhang;Versant sud;Versante meridionale;southern oriented slope;https://www.meteoschweiz.admin.ch/service-und-publikationen/applikationen/messwerte-und-messnetze.html#param=messnetz-manuell&station=TAM;https://www.meteosuisse.admin.ch/services-et-publications/applications/valeurs-mesurees-et-reseaux-de-mesure.html#param=messnetz-manuell&station=TAM;https://www.meteosvizzera.admin.ch/servizi-e-pubblicazioni/applicazioni/valori-attuali-e-reti-di-misura.html#param=messnetz-manuell&station=TAM;https://www.meteoswiss.admin.ch/services-and-publications/applications/measurement-values-and-measuring-networks.html#param=messnetz-manuell&station=TAM
TAV;Tavanasa;GR;0-20000-0-06781;Manuelle Niederschlagsstationen;Stations pluviométriques manuelles;Stazioni pluviometriche manuali;Manual precipitation stations;MeteoSchweiz;01.01.1969;800;;2722751;1178980;46.750694;9.045219;Tal;Vallée;Valle;valley;https://www.meteoschweiz.admin.ch/service-und-publikationen/applikationen/messwerte-und-messnetze.html#param=messnetz-manuell&station=TAV;https://www.meteosuisse.admin.ch/services-et-publications/applications/valeurs-mesurees-et-reseaux-de-mesure.html#param=messnetz-manuell&station=TAV;https://www.meteosvizzera.admin.ch/servizi-e-pubblicazioni/applicazioni/valori-attuali-e-reti-di-misura.html#param=messnetz-manuell&station=TAV;https://www.meteoswiss.admin.ch/services-and-publications/applications/measurement-values-and-measuring-networks.html#param=messnetz-manuell&station=TAV
TAW;Wald / Tanne;AR;0-756-0-TAW;Manuelle Niederschlagsstationen;Stations pluviométriques manuelles;Stazioni pluviometriche manuali;Manual precipitation stations;MeteoSchweiz;01.10.1975;1075;;2757025;1254230;47.420133;9.519753;Passlage;Col;Passo;pass;https://www.meteoschweiz.admin.ch/service-und-publikationen/applikationen/messwerte-und-messnetze.html#param=messnetz-manuell&station=TAW;https://www.meteosuisse.admin.ch/services-et-publications/applications/valeurs-mesurees-et-reseaux-de-mesure.html#param=messnetz-manuell&station=TAW;https://www.meteosvizzera.admin.ch/servizi-e-pubblicazioni/applicazioni/valori-attuali-e-reti-di-misura.html#param=messnetz-manuell&station=TAW;https://www.meteoswiss.admin.ch/services-and-publications/applications/measurement-values-and-measuring-networks.html#param=messnetz-manuell&station=TAW
TDG;Tour de Gourze;VD;0-756-0-TDG;Manuelle Niederschlagsstationen;Stations pluviométriques manuelles;Stazioni pluviometriche manuali;Manual precipitation stations;MeteoSchweiz;01.01.1961;915;;2546453;1151241;46.510336;6.740947;Südhang;Versant sud;Versante meridionale;southern oriented slope;https://www.meteoschweiz.admin.ch/service-und-publikationen/applikationen/messwerte-und-messnetze.html#param=messnetz-manuell&station=TDG;https://www.meteosuisse.admin.ch/services-et-publications/applications/valeurs-mesurees-et-reseaux-de-mesure.html#param=messnetz-manuell&station=TDG;https://www.meteosvizzera.admin.ch/servizi-e-pubblicazioni/applicazioni/valori-attuali-e-reti-di-misura.html#param=messnetz-manuell&station=TDG;https://www.meteoswiss.admin.ch/services-and-publications/applications/measurement-values-and-measuring-networks.html#param=messnetz-manuell&station=TDG
TEU;Teufen, AR;AR;0-756-0-TEU;Manuelle Niederschlagsstationen;Stations pluviométriques manuelles;Stazioni pluviometriche manuali;Manual precipitation stations;MeteoSchweiz;01.01.1901;834;;2747785;1250409;47.387917;9.396069;Südhang;Versant sud;Versante meridionale;southern oriented slope;https://www.meteoschweiz.admin.ch/service-und-publikationen/applikationen/messwerte-und-messnetze.html#param=messnetz-manuell&station=TEU;https://www.meteosuisse.admin.ch/services-et-publications/applications/valeurs-mesurees-et-reseaux-de-mesure.html#param=messnetz-manuell&station=TEU;https://www.meteosvizzera.admin.ch/servizi-e-pubblicazioni/applicazioni/valori-attuali-e-reti-di-misura.html#param=messnetz-manuell&station=TEU;https://www.meteoswiss.admin.ch/services-and-publications/applications/measurement-values-and-measuring-networks.html#param=messnetz-manuell&station=TEU
TFD;Linthal / Tierfehd;GL;0-756-0-TFD;Manuelle Niederschlagsstationen;Stations pluviométriques manuelles;Stazioni pluviometriche manuali;Manual precipitation stations;MeteoSchweiz;02.11.1960;810;;2717771;1193170;46.879211;8.983717;Tal;Vallée;Valle;valley;https://www.meteoschweiz.admin.ch/service-und-publikationen/applikationen/messwerte-und-messnetze.html#param=messnetz-manuell&station=TFD;https://www.meteosuisse.admin.ch/services-et-publications/applications/valeurs-mesurees-et-reseaux-de-mesure.html#param=messnetz-manuell&station=TFD;https://www.meteosvizzera.admin.ch/servizi-e-pubblicazioni/applicazioni/valori-attuali-e-reti-di-misura.html#param=messnetz-manuell&station=TFD;https://www.meteoswiss.admin.ch/services-and-publications/applications/measurement-values-and-measuring-networks.html#param=messnetz-manuell&station=TFD
THS;Thusis;GR;0-756-0-THS;Automatische Niederschlagsstationen;Stations pluviométriques automatiques;Stazioni pluviometriche automatiche;Automatic precipitation stations;MeteoSchweiz;01.01.1892;672;;2753156;1175089;46.709411;9.441711;Ebene;Plaine;Pianura;plain;https://www.meteoschweiz.admin.ch/service-und-publikationen/applikationen/messwerte-und-messnetze.html#param=messnetz-automatisch&station=THS;https://www.meteosuisse.admin.ch/services-et-publications/applications/valeurs-mesurees-et-reseaux-de-mesure.html#param=messnetz-automatisch&station=THS;https://www.meteosvizzera.admin.ch/servizi-e-pubblicazioni/applicazioni/valori-attuali-e-reti-di-misura.html#param=messnetz-automatisch&station=THS;https://www.meteoswiss.admin.ch/services-and-publications/applications/measurement-values-and-measuring-networks.html#param=messnetz-automatisch&station=THS
THU;Thun;BE;0-20000-0-06731;Automatische Wetterstationen;Stations météorologiques automatiques;Stazioni meteorologiche automatiche;Automatic weather stations;MeteoSchweiz;31.05.1875;570;571;2611201;1177640;46.749853;7.585222;Ebene;Plaine;Pianura;plain;https://www.meteoschweiz.admin.ch/service-und-publikationen/applikationen/messwerte-und-messnetze.html#param=messnetz-automatisch&station=THU;https://www.meteosuisse.admin.ch/services-et-publications/applications/valeurs-mesurees-et-reseaux-de-mesure.html#param=messnetz-automatisch&station=THU;https://www.meteosvizzera.admin.ch/servizi-e-pubblicazioni/applicazioni/valori-attuali-e-reti-di-misura.html#param=messnetz-automatisch&station=THU;https://www.meteoswiss.admin.ch/services-and-publications/applications/measurement-values-and-measuring-networks.html#param=messnetz-automatisch&station=THU
TIC;Tiefencastel;GR;0-756-0-TIC;Manuelle Niederschlagsstationen;Stations pluviométriques manuelles;Stazioni pluviometriche manuali;Manual precipitation stations;MeteoSchweiz;01.01.1961;897;;2763443;1170268;46.663619;9.574472;Südhang;Versant sud;Versante meridionale;southern oriented slope;https://www.meteoschweiz.admin.ch/service-und-publikationen/applikationen/messwerte-und-messnetze.html#param=messnetz-manuell&station=TIC;https://www.meteosuisse.admin.ch/services-et-publications/applications/valeurs-mesurees-et-reseaux-de-mesure.html#param=messnetz-manuell&station=TIC;https://www.meteosvizzera.admin.ch/servizi-e-pubblicazioni/applicazioni/valori-attuali-e-reti-di-misura.html#param=messnetz-manuell&station=TIC;https://www.meteoswiss.admin.ch/services-and-publications/applications/measurement-values-and-measuring-networks.html#param=messnetz-manuell&station=TIC
TRO;Trogen;AR;0-756-0-TRO;Manuelle Niederschlagsstationen;Stations pluviométriques manuelles;Stazioni pluviometriche manuali;Manual precipitation stations;MeteoSchweiz;01.09.1972;975;;2752171;1251770;47.399156;9.4546;Nordwesthang;Versant nord-ouest;Versante nord-occidentale;north-western oriented slope;https://www.meteoschweiz.admin.ch/service-und-publikationen/applikationen/messwerte-und-messnetze.html#param=messnetz-manuell&station=TRO;https://www.meteosuisse.admin.ch/services-et-publications/applications/valeurs-mesurees-et-reseaux-de-mesure.html#param=messnetz-manuell&station=TRO;https://www.meteosvizzera.admin.ch/servizi-e-pubblicazioni/applicazioni/valori-attuali-e-reti-di-misura.html#param=messnetz-manuell&station=TRO;https://www.meteoswiss.admin.ch/services-and-publications/applications/measurement-values-and-measuring-networks.html#param=messnetz-manuell&station=TRO
TRU;Trun;GR;0-756-0-TRU;Automatische Niederschlagsstationen;Stations pluviométriques automatiques;Stazioni pluviometriche automatiche;Automatic precipitation stations;MeteoSchweiz;01.01.1961;834;;2719986;1178224;46.744397;9.008842;Tal;Vallée;Valle;valley;https://www.meteoschweiz.admin.ch/service-und-publikationen/applikationen/messwerte-und-messnetze.html#param=messnetz-automatisch&station=TRU;https://www.meteosuisse.admin.ch/services-et-publications/applications/valeurs-mesurees-et-reseaux-de-mesure.html#param=messnetz-automatisch&station=TRU;https://www.meteosvizzera.admin.ch/servizi-e-pubblicazioni/applicazioni/valori-attuali-e-reti-di-misura.html#param=messnetz-automatisch&station=TRU;https://www.meteoswiss.admin.ch/services-and-publications/applications/measurement-values-and-measuring-networks.html#param=messnetz-automatisch&station=TRU
TST;Tschiertschen;GR;0-756-0-TST;Automatische Niederschlagsstationen;Stations pluviométriques automatiques;Stazioni pluviometriche automatiche;Automatic precipitation stations;MeteoSchweiz;01.05.1897;1273;;2765539;1187679;46.819664;9.608142;Nordhang;Versant nord;Versante settentrionale;northern oriented slope;https://www.meteoschweiz.admin.ch/service-und-publikationen/applikationen/messwerte-und-messnetze.html#param=messnetz-automatisch&station=TST;https://www.meteosuisse.admin.ch/services-et-publications/applications/valeurs-mesurees-et-reseaux-de-mesure.html#param=messnetz-automatisch&station=TST;https://www.meteosvizzera.admin.ch/servizi-e-pubblicazioni/applicazioni/valori-attuali-e-reti-di-misura.html#param=messnetz-automatisch&station=TST;https://www.meteoswiss.admin.ch/services-and-publications/applications/measurement-values-and-measuring-networks.html#param=messnetz-automatisch&station=TST
UBB;Bözberg;AG;0-756-0-UBB;Automatische Niederschlagsstationen;Stations pluviométriques automatiques;Stazioni pluviometriche automatiche;Automatic precipitation stations;MeteoSchweiz;01.01.1914;536;;2652250;1259223;47.481697;8.131847;Muldenlage;Dépression;Depressione;basin;https://www.meteoschweiz.admin.ch/service-und-publikationen/applikationen/messwerte-und-messnetze.html#param=messnetz-automatisch&station=UBB;https://www.meteosuisse.admin.ch/services-et-publications/applications/valeurs-mesurees-et-reseaux-de-mesure.html#param=messnetz-automatisch&station=UBB;https://www.meteosvizzera.admin.ch/servizi-e-pubblicazioni/applicazioni/valori-attuali-e-reti-di-misura.html#param=messnetz-automatisch&station=UBB;https://www.meteoswiss.admin.ch/services-and-publications/applications/measurement-values-and-measuring-networks.html#param=messnetz-automatisch&station=UBB
ULR;Ulrichen;VS;0-20000-0-06745;Automatische Wetterstationen;Stations météorologiques automatiques;Stazioni meteorologiche automatiche;Automatic weather stations;MeteoSchweiz;01.01.1959;1346;1347;2666748;1150767;46.504881;8.308236;Ebene;Plaine;Pianura;plain;https://www.meteoschweiz.admin.ch/service-und-publikationen/applikationen/messwerte-und-messnetze.html#param=messnetz-automatisch&station=ULR;https://www.meteosuisse.admin.ch/services-et-publications/applications/valeurs-mesurees-et-reseaux-de-mesure.html#param=messnetz-automatisch&station=ULR;https://www.meteosvizzera.admin.ch/servizi-e-pubblicazioni/applicazioni/valori-attuali-e-reti-di-misura.html#param=messnetz-automatisch&station=ULR;https://www.meteoswiss.admin.ch/services-and-publications/applications/measurement-values-and-measuring-networks.html#param=messnetz-automatisch&station=ULR
UNK;Unterkulm;AG;0-756-0-UNK;Automatische Niederschlagsstationen;Stations pluviométriques automatiques;Stazioni pluviometriche automatiche;Automatic precipitation stations;MeteoSchweiz;01.01.1900;454;;2650839;1241212;47.319819;8.111081;Muldenlage;Dépression;Depressione;basin;https://www.meteoschweiz.admin.ch/service-und-publikationen/applikationen/messwerte-und-messnetze.html#param=messnetz-automatisch&station=UNK;https://www.meteosuisse.admin.ch/services-et-publications/applications/valeurs-mesurees-et-reseaux-de-mesure.html#param=messnetz-automatisch&station=UNK;https://www.meteosvizzera.admin.ch/servizi-e-pubblicazioni/applicazioni/valori-attuali-e-reti-di-misura.html#param=messnetz-automatisch&station=UNK;https://www.meteoswiss.admin.ch/services-and-publications/applications/measurement-values-and-measuring-networks.html#param=messnetz-automatisch&station=UNK
UNS;Unterschächen;UR;0-756-0-UNS;Manuelle Niederschlagsstationen;Stations pluviométriques manuelles;Stazioni pluviometriche manuali;Manual precipitation stations;MeteoSchweiz;01.01.1982;1470;;2701901;1192000;46.871311;8.775294;Südhang;Versant sud;Versante meridionale;southern oriented slope;https://www.meteoschweiz.admin.ch/service-und-publikationen/applikationen/messwerte-und-messnetze.html#param=messnetz-manuell&station=UNS;https://www.meteosuisse.admin.ch/services-et-publications/applications/valeurs-mesurees-et-reseaux-de-mesure.html#param=messnetz-manuell&station=UNS;https://www.meteosvizzera.admin.ch/servizi-e-pubblicazioni/applicazioni/valori-attuali-e-reti-di-misura.html#param=messnetz-manuell&station=UNS;https://www.meteoswiss.admin.ch/services-and-publications/applications/measurement-values-and-measuring-networks.html#param=messnetz-manuell&station=UNS
URB;Urnerboden;UR;0-756-0-URB;Manuelle Niederschlagsstationen;Stations pluviométriques manuelles;Stazioni pluviometriche manuali;Manual precipitation stations;MeteoSchweiz;02.11.1960;1395;;2712651;1195250;46.898806;8.917075;Südhang;Versant sud;Versante meridionale;southern oriented slope;https://www.meteoschweiz.admin.ch/service-und-publikationen/applikationen/messwerte-und-messnetze.html#param=messnetz-manuell&station=URB;https://www.meteosuisse.admin.ch/services-et-publications/applications/valeurs-mesurees-et-reseaux-de-mesure.html#param=messnetz-manuell&station=URB;https://www.meteosvizzera.admin.ch/servizi-e-pubblicazioni/applicazioni/valori-attuali-e-reti-di-misura.html#param=messnetz-manuell&station=URB;https://www.meteoswiss.admin.ch/services-and-publications/applications/measurement-values-and-measuring-networks.html#param=messnetz-manuell&station=URB
URN;Urnäsch;AR;0-756-0-URN;Automatische Niederschlagsstationen;Stations pluviométriques automatiques;Stazioni pluviometriche automatiche;Automatic precipitation stations;MeteoSchweiz;01.01.1901;825;;2739206;1241761;47.312028;9.279797;Ebene;Plaine;Pianura;plain;https://www.meteoschweiz.admin.ch/service-und-publikationen/applikationen/messwerte-und-messnetze.html#param=messnetz-automatisch&station=URN;https://www.meteosuisse.admin.ch/services-et-publications/applications/valeurs-mesurees-et-reseaux-de-mesure.html#param=messnetz-automatisch&station=URN;https://www.meteosvizzera.admin.ch/servizi-e-pubblicazioni/applicazioni/valori-attuali-e-reti-di-misura.html#param=messnetz-automatisch&station=URN;https://www.meteoswiss.admin.ch/services-and-publications/applications/measurement-values-and-measuring-networks.html#param=messnetz-automatisch&station=URN
UST;Uster;ZH;0-756-0-UST;Automatische Niederschlagsstationen;Stations pluviométriques automatiques;Stazioni pluviometriche automatiche;Automatic precipitation stations;MeteoSchweiz;01.01.1901;438;;2694767;1245189;47.350736;8.692883;Ebene;Plaine;Pianura;plain;https://www.meteoschweiz.admin.ch/service-und-publikationen/applikationen/messwerte-und-messnetze.html#param=messnetz-automatisch&station=UST;https://www.meteosuisse.admin.ch/services-et-publications/applications/valeurs-mesurees-et-reseaux-de-mesure.html#param=messnetz-automatisch&station=UST;https://www.meteosvizzera.admin.ch/servizi-e-pubblicazioni/applicazioni/valori-attuali-e-reti-di-misura.html#param=messnetz-automatisch&station=UST;https://www.meteoswiss.admin.ch/services-and-publications/applications/measurement-values-and-measuring-networks.html#param=messnetz-automatisch&station=UST
VAD;Vaduz;FL;0-20000-0-06990;Automatische Wetterstationen;Stations météorologiques automatiques;Stazioni meteorologiche automatiche;Automatic weather stations;MeteoSchweiz;01.01.1961;457;459;2757724;1221699;47.127472;9.517578;Ebene;Plaine;Pianura;plain;https://www.meteoschweiz.admin.ch/service-und-publikationen/applikationen/messwerte-und-messnetze.html#param=messnetz-automatisch&station=VAD;https://www.meteosuisse.admin.ch/services-et-publications/applications/valeurs-mesurees-et-reseaux-de-mesure.html#param=messnetz-automatisch&station=VAD;https://www.meteosvizzera.admin.ch/servizi-e-pubblicazioni/applicazioni/valori-attuali-e-reti-di-misura.html#param=messnetz-automatisch&station=VAD;https://www.meteoswiss.admin.ch/services-and-publications/applications/measurement-values-and-measuring-networks.html#param=messnetz-automatisch&station=VAD
VAE;Vättis;SG;0-756-0-VAE;Automatische Niederschlagsstationen;Stations pluviométriques automatiques;Stazioni pluviometriche automatiche;Automatic precipitation stations;MeteoSchweiz;01.01.1901;939;;2752733;1197282;46.909078;9.4436;Tal;Vallée;Valle;valley;https://www.meteoschweiz.admin.ch/service-und-publikationen/applikationen/messwerte-und-messnetze.html#param=messnetz-automatisch&station=VAE;https://www.meteosuisse.admin.ch/services-et-publications/applications/valeurs-mesurees-et-reseaux-de-mesure.html#param=messnetz-automatisch&station=VAE;https://www.meteosvizzera.admin.ch/servizi-e-pubblicazioni/applicazioni/valori-attuali-e-reti-di-misura.html#param=messnetz-automatisch&station=VAE;https://www.meteoswiss.admin.ch/services-and-publications/applications/measurement-values-and-measuring-networks.html#param=messnetz-automatisch&station=VAE
VAR;Valeyres-sous-Rances;VD;0-756-0-VAR;Manuelle Niederschlagsstationen;Stations pluviométriques manuelles;Stazioni pluviometriche manuali;Manual precipitation stations;MeteoSchweiz;01.01.1883;511;;2530183;1178237;46.751658;6.524892;Osthang;Versant est;Versante orientale;eastern oriented slope;https://www.meteoschweiz.admin.ch/service-und-publikationen/applikationen/messwerte-und-messnetze.html#param=messnetz-manuell&station=VAR;https://www.meteosuisse.admin.ch/services-et-publications/applications/valeurs-mesurees-et-reseaux-de-mesure.html#param=messnetz-manuell&station=VAR;https://www.meteosvizzera.admin.ch/servizi-e-pubblicazioni/applicazioni/valori-attuali-e-reti-di-misura.html#param=messnetz-manuell&station=VAR;https://www.meteoswiss.admin.ch/services-and-publications/applications/measurement-values-and-measuring-networks.html#param=messnetz-manuell&station=VAR
VEL;Vella;GR;0-756-0-VEL;Manuelle Niederschlagsstationen;Stations pluviométriques manuelles;Stazioni pluviometriche manuali;Manual precipitation stations;MeteoSchweiz;01.01.1969;1246;;2732678;1175598;46.718378;9.174128;Südosthang;Versant sud-est;Versante sud-orientale;south-eastern oriented slope;https://www.meteoschweiz.admin.ch/service-und-publikationen/applikationen/messwerte-und-messnetze.html#param=messnetz-manuell&station=VEL;https://www.meteosuisse.admin.ch/services-et-publications/applications/valeurs-mesurees-et-reseaux-de-mesure.html#param=messnetz-manuell&station=VEL;https://www.meteosvizzera.admin.ch/servizi-e-pubblicazioni/applicazioni/valori-attuali-e-reti-di-misura.html#param=messnetz-manuell&station=VEL;https://www.meteoswiss.admin.ch/services-and-publications/applications/measurement-values-and-measuring-networks.html#param=messnetz-manuell&station=VEL
VEV;Vevey / Corseaux;VD;0-20000-0-06603;Automatische Wetterstationen;Stations météorologiques automatiques;Stazioni meteorologiche automatiche;Automatic weather stations;MeteoSchweiz;01.01.1961;405;;2552106;1146847;46.471239;6.815056;Südhang;Versant sud;Versante meridionale;southern oriented slope;https://www.meteoschweiz.admin.ch/service-und-publikationen/applikationen/messwerte-und-messnetze.html#param=messnetz-automatisch&station=VEV;https://www.meteosuisse.admin.ch/services-et-publications/applications/valeurs-mesurees-et-reseaux-de-mesure.html#param=messnetz-automatisch&station=VEV;https://www.meteosvizzera.admin.ch/servizi-e-pubblicazioni/applicazioni/valori-attuali-e-reti-di-misura.html#param=messnetz-automatisch&station=VEV;https://www.meteoswiss.admin.ch/services-and-publications/applications/measurement-values-and-measuring-networks.html#param=messnetz-automatisch&station=VEV
VIG;Vira, Gambarogno;TI;0-756-0-VIG;Manuelle Niederschlagsstationen;Stations pluviométriques manuelles;Stazioni pluviometriche manuali;Manual precipitation stations;MeteoSchweiz;01.01.1961;225;;2709402;1111548;46.146533;8.854628;Nordwesthang;Versant nord-ouest;Versante nord-occidentale;north-western oriented slope;https://www.meteoschweiz.admin.ch/service-und-publikationen/applikationen/messwerte-und-messnetze.html#param=messnetz-manuell&station=VIG;https://www.meteosuisse.admin.ch/services-et-publications/applications/valeurs-mesurees-et-reseaux-de-mesure.html#param=messnetz-manuell&station=VIG;https://www.meteosvizzera.admin.ch/servizi-e-pubblicazioni/applicazioni/valori-attuali-e-reti-di-misura.html#param=messnetz-manuell&station=VIG;https://www.meteoswiss.admin.ch/services-and-publications/applications/measurement-values-and-measuring-networks.html#param=messnetz-manuell&station=VIG
VIO;Vicosoprano;GR;0-20000-0-06788;Automatische Wetterstationen;Stations météorologiques automatiques;Stazioni meteorologiche automatiche;Automatic weather stations;MeteoSchweiz;01.01.1901;1089;1090;2768487;1135866;46.353019;9.6278;Tal;Vallée;Valle;valley;https://www.meteoschweiz.admin.ch/service-und-publikationen/applikationen/messwerte-und-messnetze.html#param=messnetz-automatisch&station=VIO;https://www.meteosuisse.admin.ch/services-et-publications/applications/valeurs-mesurees-et-reseaux-de-mesure.html#param=messnetz-automatisch&station=VIO;https://www.meteosvizzera.admin.ch/servizi-e-pubblicazioni/applicazioni/valori-attuali-e-reti-di-misura.html#param=messnetz-automatisch&station=VIO;https://www.meteoswiss.admin.ch/services-and-publications/applications/measurement-values-and-measuring-networks.html#param=messnetz-automatisch&station=VIO
VIS;Visp;VS;0-20000-0-06727;Automatische Wetterstationen;Stations météorologiques automatiques;Stazioni meteorologiche automatiche;Automatic weather stations;MeteoSchweiz;01.01.1959;639;641;2631151;1128024;46.3029;7.842958;Ebene;Plaine;Pianura;plain;https://www.meteoschweiz.admin.ch/service-und-publikationen/applikationen/messwerte-und-messnetze.html#param=messnetz-automatisch&station=VIS;https://www.meteosuisse.admin.ch/services-et-publications/applications/valeurs-mesurees-et-reseaux-de-mesure.html#param=messnetz-automatisch&station=VIS;https://www.meteosvizzera.admin.ch/servizi-e-pubblicazioni/applicazioni/valori-attuali-e-reti-di-misura.html#param=messnetz-automatisch&station=VIS;https://www.meteoswiss.admin.ch/services-and-publications/applications/measurement-values-and-measuring-networks.html#param=messnetz-automatisch&station=VIS
VIT;Villars-Tiercelin;VD;0-20000-0-06707;Automatische Wetterstationen;Stations météorologiques automatiques;Stazioni meteorologiche automatiche;Automatic weather stations;MeteoSchweiz;01.01.1973;859;;2544198;1163651;46.621778;6.710069;Westhang;Versant ouest;Versante occidentale;western oriented slope;https://www.meteoschweiz.admin.ch/service-und-publikationen/applikationen/messwerte-und-messnetze.html#param=messnetz-automatisch&station=VIT;https://www.meteosuisse.admin.ch/services-et-publications/applications/valeurs-mesurees-et-reseaux-de-mesure.html#param=messnetz-automatisch&station=VIT;https://www.meteosvizzera.admin.ch/servizi-e-pubblicazioni/applicazioni/valori-attuali-e-reti-di-misura.html#param=messnetz-automatisch&station=VIT;https://www.meteoswiss.admin.ch/services-and-publications/applications/measurement-values-and-measuring-networks.html#param=messnetz-automatisch&station=VIT
VLS;Vals;GR;0-20000-0-06663;Automatische Wetterstationen;Stations météorologiques automatiques;Stazioni meteorologiche automatiche;Automatic weather stations;MeteoSchweiz;01.02.1892;1242;;2734017;1165551;46.627758;9.188711;Tal;Vallée;Valle;valley;https://www.meteoschweiz.admin.ch/service-und-publikationen/applikationen/messwerte-und-messnetze.html#param=messnetz-automatisch&station=VLS;https://www.meteosuisse.admin.ch/services-et-publications/applications/valeurs-mesurees-et-reseaux-de-mesure.html#param=messnetz-automatisch&station=VLS;https://www.meteosvizzera.admin.ch/servizi-e-pubblicazioni/applicazioni/valori-attuali-e-reti-di-misura.html#param=messnetz-automatisch&station=VLS;https://www.meteoswiss.admin.ch/services-and-publications/applications/measurement-values-and-measuring-networks.html#param=messnetz-automatisch&station=VLS
VRI;Vrin;GR;0-756-0-VRI;Automatische Niederschlagsstationen;Stations pluviométriques automatiques;Stazioni pluviometriche automatiche;Automatic precipitation stations;MeteoSchweiz;01.01.1901;1384;;2727425;1168525;46.655797;9.103472;Osthang;Versant est;Versante orientale;eastern oriented slope;https://www.meteoschweiz.admin.ch/service-und-publikationen/applikationen/messwerte-und-messnetze.html#param=messnetz-automatisch&station=VRI;https://www.meteosuisse.admin.ch/services-et-publications/applications/valeurs-mesurees-et-reseaux-de-mesure.html#param=messnetz-automatisch&station=VRI;https://www.meteosvizzera.admin.ch/servizi-e-pubblicazioni/applicazioni/valori-attuali-e-reti-di-misura.html#param=messnetz-automatisch&station=VRI;https://www.meteoswiss.admin.ch/services-and-publications/applications/measurement-values-and-measuring-networks.html#param=messnetz-automatisch&station=VRI
VST;La Valsainte;FR;0-756-0-VST;Automatische Niederschlagsstationen;Stations pluviométriques automatiques;Stazioni pluviometriche automatiche;Automatic precipitation stations;MeteoSchweiz;01.09.1882;1044;;2580090;1166314;46.647767;7.178561;Südhang;Versant sud;Versante meridionale;southern oriented slope;https://www.meteoschweiz.admin.ch/service-und-publikationen/applikationen/messwerte-und-messnetze.html#param=messnetz-automatisch&station=VST;https://www.meteosuisse.admin.ch/services-et-publications/applications/valeurs-mesurees-et-reseaux-de-mesure.html#param=messnetz-automatisch&station=VST;https://www.meteosvizzera.admin.ch/servizi-e-pubblicazioni/applicazioni/valori-attuali-e-reti-di-misura.html#param=messnetz-automatisch&station=VST;https://www.meteoswiss.admin.ch/services-and-publications/applications/measurement-values-and-measuring-networks.html#param=messnetz-automatisch&station=VST
VVI;Vallorbe;VD;0-756-0-VVI;Manuelle Niederschlagsstationen;Stations pluviométriques manuelles;Stazioni pluviometriche manuali;Manual precipitation stations;MeteoSchweiz;01.01.1961;748;;2519400;1174061;46.712878;6.384506;Ebene;Plaine;Pianura;plain;https://www.meteoschweiz.admin.ch/service-und-publikationen/applikationen/messwerte-und-messnetze.html#param=messnetz-manuell&station=VVI;https://www.meteosuisse.admin.ch/services-et-publications/applications/valeurs-mesurees-et-reseaux-de-mesure.html#param=messnetz-manuell&station=VVI;https://www.meteosvizzera.admin.ch/servizi-e-pubblicazioni/applicazioni/valori-attuali-e-reti-di-misura.html#param=messnetz-manuell&station=VVI;https://www.meteoswiss.admin.ch/services-and-publications/applications/measurement-values-and-measuring-networks.html#param=messnetz-manuell&station=VVI
WAE;Wädenswil;ZH;0-20000-0-06673;Automatische Wetterstationen;Stations météorologiques automatiques;Stazioni meteorologiche automatiche;Automatic weather stations;MeteoSchweiz;01.01.1961;485;487;2693848;1230744;47.220958;8.677706;Nordosthang;Versant nord-est;Versante nord-orientale;north-eastern oriented slope;https://www.meteoschweiz.admin.ch/service-und-publikationen/applikationen/messwerte-und-messnetze.html#param=messnetz-automatisch&station=WAE;https://www.meteosuisse.admin.ch/services-et-publications/applications/valeurs-mesurees-et-reseaux-de-mesure.html#param=messnetz-automatisch&station=WAE;https://www.meteosvizzera.admin.ch/servizi-e-pubblicazioni/applicazioni/valori-attuali-e-reti-di-misura.html#param=messnetz-automatisch&station=WAE;https://www.meteoswiss.admin.ch/services-and-publications/applications/measurement-values-and-measuring-networks.html#param=messnetz-automatisch&station=WAE
WAG;Waldegg;ZH;0-756-0-WAG;Automatische Niederschlagsstationen;Stations pluviométriques automatiques;Stazioni pluviometriche automatiche;Automatic precipitation stations;MeteoSchweiz;01.01.1961;545;;2676762;1246211;47.362269;8.454789;Ebene;Plaine;Pianura;plain;https://www.meteoschweiz.admin.ch/service-und-publikationen/applikationen/messwerte-und-messnetze.html#param=messnetz-automatisch&station=WAG;https://www.meteosuisse.admin.ch/services-et-publications/applications/valeurs-mesurees-et-reseaux-de-mesure.html#param=messnetz-automatisch&station=WAG;https://www.meteosvizzera.admin.ch/servizi-e-pubblicazioni/applicazioni/valori-attuali-e-reti-di-misura.html#param=messnetz-automatisch&station=WAG;https://www.meteoswiss.admin.ch/services-and-publications/applications/measurement-values-and-measuring-networks.html#param=messnetz-automatisch&station=WAG
WAN;Wangen b. Olten;SO;0-756-0-WAN;Manuelle Niederschlagsstationen;Stations pluviométriques manuelles;Stazioni pluviometriche manuali;Manual precipitation stations;MeteoSchweiz;01.01.1959;437;;2633272;1242769;47.334939;7.878847;Nordhang;Versant nord;Versante settentrionale;northern oriented slope;https://www.meteoschweiz.admin.ch/service-und-publikationen/applikationen/messwerte-und-messnetze.html#param=messnetz-manuell&station=WAN;https://www.meteosuisse.admin.ch/services-et-publications/applications/valeurs-mesurees-et-reseaux-de-mesure.html#param=messnetz-manuell&station=WAN;https://www.meteosvizzera.admin.ch/servizi-e-pubblicazioni/applicazioni/valori-attuali-e-reti-di-misura.html#param=messnetz-manuell&station=WAN;https://www.meteoswiss.admin.ch/services-and-publications/applications/measurement-values-and-measuring-networks.html#param=messnetz-manuell&station=WAN
WBR;Wil, ZH;ZH;0-756-0-WBR;Manuelle Niederschlagsstationen;Stations pluviométriques manuelles;Stazioni pluviometriche manuali;Manual precipitation stations;MeteoSchweiz;01.01.1900;406;;2680341;1273225;47.604783;8.507031;Südhang;Versant sud;Versante meridionale;southern oriented slope;https://www.meteoschweiz.admin.ch/service-und-publikationen/applikationen/messwerte-und-messnetze.html#param=messnetz-manuell&station=WBR;https://www.meteosuisse.admin.ch/services-et-publications/applications/valeurs-mesurees-et-reseaux-de-mesure.html#param=messnetz-manuell&station=WBR;https://www.meteosvizzera.admin.ch/servizi-e-pubblicazioni/applicazioni/valori-attuali-e-reti-di-misura.html#param=messnetz-manuell&station=WBR;https://www.meteoswiss.admin.ch/services-and-publications/applications/measurement-values-and-measuring-networks.html#param=messnetz-manuell&station=WBR
WCH;Wilchingen;SH;0-756-0-WCH;Manuelle Niederschlagsstationen;Stations pluviométriques manuelles;Stazioni pluviometriche manuali;Manual precipitation stations;MeteoSchweiz;01.01.1900;413;;2676253;1280056;47.666697;8.453847;Ebene;Plaine;Pianura;plain;https://www.meteoschweiz.admin.ch/service-und-publikationen/applikationen/messwerte-und-messnetze.html#param=messnetz-manuell&station=WCH;https://www.meteosuisse.admin.ch/services-et-publications/applications/valeurs-mesurees-et-reseaux-de-mesure.html#param=messnetz-manuell&station=WCH;https://www.meteosvizzera.admin.ch/servizi-e-pubblicazioni/applicazioni/valori-attuali-e-reti-di-misura.html#param=messnetz-manuell&station=WCH;https://www.meteoswiss.admin.ch/services-and-publications/applications/measurement-values-and-measuring-networks.html#param=messnetz-manuell&station=WCH
WDO;Wahlendorf;BE;0-756-0-WDO;Manuelle Niederschlagsstationen;Stations pluviométriques manuelles;Stazioni pluviometriche manuali;Manual precipitation stations;MeteoSchweiz;01.01.1939;763;;2592245;1205900;47.004111;7.336661;Südhang;Versant sud;Versante meridionale;southern oriented slope;https://www.meteoschweiz.admin.ch/service-und-publikationen/applikationen/messwerte-und-messnetze.html#param=messnetz-manuell&station=WDO;https://www.meteosuisse.admin.ch/services-et-publications/applications/valeurs-mesurees-et-reseaux-de-mesure.html#param=messnetz-manuell&station=WDO;https://www.meteosvizzera.admin.ch/servizi-e-pubblicazioni/applicazioni/valori-attuali-e-reti-di-misura.html#param=messnetz-manuell&station=WDO;https://www.meteoswiss.admin.ch/services-and-publications/applications/measurement-values-and-measuring-networks.html#param=messnetz-manuell&station=WDO
WEE;Weesen;SG;0-756-0-WEE;Automatische Niederschlagsstationen;Stations pluviométriques automatiques;Stazioni pluviometriche automatiche;Automatic precipitation stations;MeteoSchweiz;01.01.1888;425;;2724984;1221383;47.131619;9.086092;Ebene;Plaine;Pianura;plain;https://www.meteoschweiz.admin.ch/service-und-publikationen/applikationen/messwerte-und-messnetze.html#param=messnetz-automatisch&station=WEE;https://www.meteosuisse.admin.ch/services-et-publications/applications/valeurs-mesurees-et-reseaux-de-mesure.html#param=messnetz-automatisch&station=WEE;https://www.meteosvizzera.admin.ch/servizi-e-pubblicazioni/applicazioni/valori-attuali-e-reti-di-misura.html#param=messnetz-automatisch&station=WEE;https://www.meteoswiss.admin.ch/services-and-publications/applications/measurement-values-and-measuring-networks.html#param=messnetz-automatisch&station=WEE
WEF;Weinfelden;TG;0-756-0-WEF;Manuelle Niederschlagsstationen;Stations pluviométriques manuelles;Stazioni pluviometriche manuali;Manual precipitation stations;MeteoSchweiz;01.01.1901;477;;2726404;1269983;47.568375;9.118514;Südhang;Versant sud;Versante meridionale;southern oriented slope;https://www.meteoschweiz.admin.ch/service-und-publikationen/applikationen/messwerte-und-messnetze.html#param=messnetz-manuell&station=WEF;https://www.meteosuisse.admin.ch/services-et-publications/applications/valeurs-mesurees-et-reseaux-de-mesure.html#param=messnetz-manuell&station=WEF;https://www.meteosvizzera.admin.ch/servizi-e-pubblicazioni/applicazioni/valori-attuali-e-reti-di-misura.html#param=messnetz-manuell&station=WEF;https://www.meteoswiss.admin.ch/services-and-publications/applications/measurement-values-and-measuring-networks.html#param=messnetz-manuell&station=WEF
WET;Weisstannen;SG;0-756-0-WET;Manuelle Niederschlagsstationen;Stations pluviométriques manuelles;Stazioni pluviometriche manuali;Manual precipitation stations;MeteoSchweiz;01.01.1901;993;;2744937;1206193;46.990958;9.34415;Tal;Vallée;Valle;valley;https://www.meteoschweiz.admin.ch/service-und-publikationen/applikationen/messwerte-und-messnetze.html#param=messnetz-manuell&station=WET;https://www.meteosuisse.admin.ch/services-et-publications/applications/valeurs-mesurees-et-reseaux-de-mesure.html#param=messnetz-manuell&station=WET;https://www.meteosvizzera.admin.ch/servizi-e-pubblicazioni/applicazioni/valori-attuali-e-reti-di-misura.html#param=messnetz-manuell&station=WET;https://www.meteoswiss.admin.ch/services-and-publications/applications/measurement-values-and-measuring-networks.html#param=messnetz-manuell&station=WET
WFJ;Weissfluhjoch;GR;0-20000-0-06780;Automatische Wetterstationen;Stations météorologiques automatiques;Stazioni meteorologiche automatiche;Automatic weather stations;MeteoSchweiz, SLF;01.11.1958;2691;2674;2780616;1189634;46.833325;9.806394;Gipfellage;Sommet;Vetta;crest;https://www.meteoschweiz.admin.ch/service-und-publikationen/applikationen/messwerte-und-messnetze.html#param=messnetz-automatisch&station=WFJ;https://www.meteosuisse.admin.ch/services-et-publications/applications/valeurs-mesurees-et-reseaux-de-mesure.html#param=messnetz-automatisch&station=WFJ;https://www.meteosvizzera.admin.ch/servizi-e-pubblicazioni/applicazioni/valori-attuali-e-reti-di-misura.html#param=messnetz-automatisch&station=WFJ;https://www.meteoswiss.admin.ch/services-and-publications/applications/measurement-values-and-measuring-networks.html#param=messnetz-automatisch&station=WFJ
WHA;Wildhaus;SG;0-756-0-WHA;Manuelle Niederschlagsstationen;Stations pluviométriques manuelles;Stazioni pluviometriche manuali;Manual precipitation stations;MeteoSchweiz;01.01.1961;998;;2746130;1229568;47.200889;9.367372;Südhang;Versant sud;Versante meridionale;southern oriented slope;https://www.meteoschweiz.admin.ch/service-und-publikationen/applikationen/messwerte-und-messnetze.html#param=messnetz-manuell&station=WHA;https://www.meteosuisse.admin.ch/services-et-publications/applications/valeurs-mesurees-et-reseaux-de-mesure.html#param=messnetz-manuell&station=WHA;https://www.meteosvizzera.admin.ch/servizi-e-pubblicazioni/applicazioni/valori-attuali-e-reti-di-misura.html#param=messnetz-manuell&station=WHA;https://www.meteoswiss.admin.ch/services-and-publications/applications/measurement-values-and-measuring-networks.html#param=messnetz-manuell&station=WHA
WHF;Riedholz / Wallierhof;SO;0-756-0-WHF;Automatische Niederschlagsstationen;Stations pluviométriques automatiques;Stazioni pluviometriche automatiche;Automatic precipitation stations;MeteoSchweiz;01.01.1969;518;;2609394;1231491;47.234278;7.562697;Südhang;Versant sud;Versante meridionale;southern oriented slope;https://www.meteoschweiz.admin.ch/service-und-publikationen/applikationen/messwerte-und-messnetze.html#param=messnetz-automatisch&station=WHF;https://www.meteosuisse.admin.ch/services-et-publications/applications/valeurs-mesurees-et-reseaux-de-mesure.html#param=messnetz-automatisch&station=WHF;https://www.meteosvizzera.admin.ch/servizi-e-pubblicazioni/applicazioni/valori-attuali-e-reti-di-misura.html#param=messnetz-automatisch&station=WHF;https://www.meteoswiss.admin.ch/services-and-publications/applications/measurement-values-and-measuring-networks.html#param=messnetz-automatisch&station=WHF
WID;Widnau;SG;0-756-0-WID;Manuelle Niederschlagsstationen;Stations pluviométriques manuelles;Stazioni pluviometriche manuali;Manual precipitation stations;MeteoSchweiz;07.12.1998;414;;2766490;1248855;47.369483;9.643125;Ebene;Plaine;Pianura;plain;https://www.meteoschweiz.admin.ch/service-und-publikationen/applikationen/messwerte-und-messnetze.html#param=messnetz-manuell&station=WID;https://www.meteosuisse.admin.ch/services-et-publications/applications/valeurs-mesurees-et-reseaux-de-mesure.html#param=messnetz-manuell&station=WID;https://www.meteosvizzera.admin.ch/servizi-e-pubblicazioni/applicazioni/valori-attuali-e-reti-di-misura.html#param=messnetz-manuell&station=WID;https://www.meteoswiss.admin.ch/services-and-publications/applications/measurement-values-and-measuring-networks.html#param=messnetz-manuell&station=WID
WIE;Wasen im Emmental;BE;0-756-0-WIE;Manuelle Niederschlagsstationen;Stations pluviométriques manuelles;Stazioni pluviometriche manuali;Manual precipitation stations;MeteoSchweiz;01.01.1901;768;;2627862;1210555;47.045436;7.805275;Tal;Vallée;Valle;valley;https://www.meteoschweiz.admin.ch/service-und-publikationen/applikationen/messwerte-und-messnetze.html#param=messnetz-manuell&station=WIE;https://www.meteosuisse.admin.ch/services-et-publications/applications/valeurs-mesurees-et-reseaux-de-mesure.html#param=messnetz-manuell&station=WIE;https://www.meteosvizzera.admin.ch/servizi-e-pubblicazioni/applicazioni/valori-attuali-e-reti-di-misura.html#param=messnetz-manuell&station=WIE;https://www.meteoswiss.admin.ch/services-and-publications/applications/measurement-values-and-measuring-networks.html#param=messnetz-manuell&station=WIE
WIN;Winterthur / Seen;ZH;0-756-0-WIN;Automatische Niederschlagsstationen;Stations pluviométriques automatiques;Stazioni pluviometriche automatiche;Automatic precipitation stations;MeteoSchweiz;01.01.1864;506;;2699846;1259054;47.474672;8.763189;Nordhang;Versant nord;Versante settentrionale;northern oriented slope;https://www.meteoschweiz.admin.ch/service-und-publikationen/applikationen/messwerte-und-messnetze.html#param=messnetz-automatisch&station=WIN;https://www.meteosuisse.admin.ch/services-et-publications/applications/valeurs-mesurees-et-reseaux-de-mesure.html#param=messnetz-automatisch&station=WIN;https://www.meteosvizzera.admin.ch/servizi-e-pubblicazioni/applicazioni/valori-attuali-e-reti-di-misura.html#param=messnetz-automatisch&station=WIN;https://www.meteoswiss.admin.ch/services-and-publications/applications/measurement-values-and-measuring-networks.html#param=messnetz-automatisch&station=WIN
WIS;Wimmis;BE;0-756-0-WIS;Manuelle Niederschlagsstationen;Stations pluviométriques manuelles;Stazioni pluviometriche manuali;Manual precipitation stations;MeteoSchweiz;01.01.1901;648;;2617299;1168864;46.670775;7.664697;Ebene;Plaine;Pianura;plain;https://www.meteoschweiz.admin.ch/service-und-publikationen/applikationen/messwerte-und-messnetze.html#param=messnetz-manuell&station=WIS;https://www.meteosuisse.admin.ch/services-et-publications/applications/valeurs-mesurees-et-reseaux-de-mesure.html#param=messnetz-manuell&station=WIS;https://www.meteosvizzera.admin.ch/servizi-e-pubblicazioni/applicazioni/valori-attuali-e-reti-di-misura.html#param=messnetz-manuell&station=WIS;https://www.meteoswiss.admin.ch/services-and-publications/applications/measurement-values-and-measuring-networks.html#param=messnetz-manuell&station=WIS
WIT;Wittnau;AG;0-756-0-WIT;Automatische Niederschlagsstationen;Stations pluviométriques automatiques;Stazioni pluviometriche automatiche;Automatic precipitation stations;MeteoSchweiz;01.01.1883;462;;2639947;1258973;47.480311;7.968606;Südosthang;Versant sud-est;Versante sud-orientale;south-eastern oriented slope;https://www.meteoschweiz.admin.ch/service-und-publikationen/applikationen/messwerte-und-messnetze.html#param=messnetz-automatisch&station=WIT;https://www.meteosuisse.admin.ch/services-et-publications/applications/valeurs-mesurees-et-reseaux-de-mesure.html#param=messnetz-automatisch&station=WIT;https://www.meteosvizzera.admin.ch/servizi-e-pubblicazioni/applicazioni/valori-attuali-e-reti-di-misura.html#param=messnetz-automatisch&station=WIT;https://www.meteoswiss.admin.ch/services-and-publications/applications/measurement-values-and-measuring-networks.html#param=messnetz-automatisch&station=WIT
WIW;Witzwil;BE;0-756-0-WIW;Manuelle Niederschlagsstationen;Stations pluviométriques manuelles;Stazioni pluviometriche manuali;Manual precipitation stations;MeteoSchweiz;01.01.1938;433;;2570636;1205385;46.998872;7.052564;Ebene;Plaine;Pianura;plain;https://www.meteoschweiz.admin.ch/service-und-publikationen/applikationen/messwerte-und-messnetze.html#param=messnetz-manuell&station=WIW;https://www.meteosuisse.admin.ch/services-et-publications/applications/valeurs-mesurees-et-reseaux-de-mesure.html#param=messnetz-manuell&station=WIW;https://www.meteosvizzera.admin.ch/servizi-e-pubblicazioni/applicazioni/valori-attuali-e-reti-di-misura.html#param=messnetz-manuell&station=WIW;https://www.meteoswiss.admin.ch/services-and-publications/applications/measurement-values-and-measuring-networks.html#param=messnetz-manuell&station=WIW
WYN;Wynau;BE;0-20000-0-06643;Automatische Wetterstationen;Stations météorologiques automatiques;Stazioni meteorologiche automatiche;Automatic weather stations;MeteoSchweiz;01.01.1978;422;424;2626405;1233849;47.255025;7.787475;Muldenlage;Dépression;Depressione;basin;https://www.meteoschweiz.admin.ch/service-und-publikationen/applikationen/messwerte-und-messnetze.html#param=messnetz-automatisch&station=WYN;https://www.meteosuisse.admin.ch/services-et-publications/applications/valeurs-mesurees-et-reseaux-de-mesure.html#param=messnetz-automatisch&station=WYN;https://www.meteosvizzera.admin.ch/servizi-e-pubblicazioni/applicazioni/valori-attuali-e-reti-di-misura.html#param=messnetz-automatisch&station=WYN;https://www.meteoswiss.admin.ch/services-and-publications/applications/measurement-values-and-measuring-networks.html#param=messnetz-automatisch&station=WYN
YVN;Yverdon-les-Bains;VD;0-756-0-YVN;Manuelle Niederschlagsstationen;Stations pluviométriques manuelles;Stazioni pluviometriche manuali;Manual precipitation stations;MeteoSchweiz;01.06.1902;429;;2539833;1181507;46.782011;6.650739;Ebene;Plaine;Pianura;plain;https://www.meteoschweiz.admin.ch/service-und-publikationen/applikationen/messwerte-und-messnetze.html#param=messnetz-manuell&station=YVN;https://www.meteosuisse.admin.ch/services-et-publications/applications/valeurs-mesurees-et-reseaux-de-mesure.html#param=messnetz-manuell&station=YVN;https://www.meteosvizzera.admin.ch/servizi-e-pubblicazioni/applicazioni/valori-attuali-e-reti-di-misura.html#param=messnetz-manuell&station=YVN;https://www.meteoswiss.admin.ch/services-and-publications/applications/measurement-values-and-measuring-networks.html#param=messnetz-manuell&station=YVN
ZER;Zermatt;VS;0-20000-0-06748;Automatische Wetterstationen;Stations météorologiques automatiques;Stazioni meteorologiche automatiche;Automatic weather stations;MeteoSchweiz, SLF;01.04.1892;1638;1640;2624298;1097574;46.029272;7.752433;Westhang;Versant ouest;Versante occidentale;western oriented slope;https://www.meteoschweiz.admin.ch/service-und-publikationen/applikationen/messwerte-und-messnetze.html#param=messnetz-automatisch&station=ZER;https://www.meteosuisse.admin.ch/services-et-publications/applications/valeurs-mesurees-et-reseaux-de-mesure.html#param=messnetz-automatisch&station=ZER;https://www.meteosvizzera.admin.ch/servizi-e-pubblicazioni/applicazioni/valori-attuali-e-reti-di-misura.html#param=messnetz-automatisch&station=ZER;https://www.meteoswiss.admin.ch/services-and-publications/applications/measurement-values-and-measuring-networks.html#param=messnetz-automatisch&station=ZER
ZEV;Zervreila;GR;0-756-0-ZEV;Automatische Niederschlagsstationen;Stations pluviométriques automatiques;Stazioni pluviometriche automatiche;Automatic precipitation stations;MeteoSchweiz;01.01.1970;1738;;2728781;1159993;46.578797;9.118797;Tal;Vallée;Valle;valley;https://www.meteoschweiz.admin.ch/service-und-publikationen/applikationen/messwerte-und-messnetze.html#param=messnetz-automatisch&station=ZEV;https://www.meteosuisse.admin.ch/services-et-publications/applications/valeurs-mesurees-et-reseaux-de-mesure.html#param=messnetz-automatisch&station=ZEV;https://www.meteosvizzera.admin.ch/servizi-e-pubblicazioni/applicazioni/valori-attuali-e-reti-di-misura.html#param=messnetz-automatisch&station=ZEV;https://www.meteoswiss.admin.ch/services-and-publications/applications/measurement-values-and-measuring-networks.html#param=messnetz-automatisch&station=ZEV
ZNZ;Zernez;GR;0-756-0-ZNZ;Manuelle Niederschlagsstationen;Stations pluviométriques manuelles;Stazioni pluviometriche manuali;Manual precipitation stations;MeteoSchweiz;01.01.1961;1465;;2802573;1175430;46.6993;10.087739;Ebene;Plaine;Pianura;plain;https://www.meteoschweiz.admin.ch/service-und-publikationen/applikationen/messwerte-und-messnetze.html#param=messnetz-manuell&station=ZNZ;https://www.meteosuisse.admin.ch/services-et-publications/applications/valeurs-mesurees-et-reseaux-de-mesure.html#param=messnetz-manuell&station=ZNZ;https://www.meteosvizzera.admin.ch/servizi-e-pubblicazioni/applicazioni/valori-attuali-e-reti-di-misura.html#param=messnetz-manuell&station=ZNZ;https://www.meteoswiss.admin.ch/services-and-publications/applications/measurement-values-and-measuring-networks.html#param=messnetz-manuell&station=ZNZ
ZOF;Zofingen;AG;0-756-0-ZOF;Manuelle Niederschlagsstationen;Stations pluviométriques manuelles;Stazioni pluviometriche manuali;Manual precipitation stations;MeteoSchweiz;01.01.1900;432;;2638190;1236711;47.280189;7.943392;Ebene;Plaine;Pianura;plain;https://www.meteoschweiz.admin.ch/service-und-publikationen/applikationen/messwerte-und-messnetze.html#param=messnetz-manuell&station=ZOF;https://www.meteosuisse.admin.ch/services-et-publications/applications/valeurs-mesurees-et-reseaux-de-mesure.html#param=messnetz-manuell&station=ZOF;https://www.meteosvizzera.admin.ch/servizi-e-pubblicazioni/applicazioni/valori-attuali-e-reti-di-misura.html#param=messnetz-manuell&station=ZOF;https://www.meteoswiss.admin.ch/services-and-publications/applications/measurement-values-and-measuring-networks.html#param=messnetz-manuell&station=ZOF
ZUB;Zugerberg;ZG;0-756-0-ZUB;Manuelle Niederschlagsstationen;Stations pluviométriques manuelles;Stazioni pluviometriche manuali;Manual precipitation stations;MeteoSchweiz;31.12.1971;880;;2683304;1223009;47.1528;8.537081;Nordwesthang;Versant nord-ouest;Versante nord-occidentale;north-western oriented slope;https://www.meteoschweiz.admin.ch/service-und-publikationen/applikationen/messwerte-und-messnetze.html#param=messnetz-manuell&station=ZUB;https://www.meteosuisse.admin.ch/services-et-publications/applications/valeurs-mesurees-et-reseaux-de-mesure.html#param=messnetz-manuell&station=ZUB;https://www.meteosvizzera.admin.ch/servizi-e-pubblicazioni/applicazioni/valori-attuali-e-reti-di-misura.html#param=messnetz-manuell&station=ZUB;https://www.meteoswiss.admin.ch/services-and-publications/applications/measurement-values-and-measuring-networks.html#param=messnetz-manuell&station=ZUB
ZWE;Zweisimmen;BE;0-756-0-ZWE;Automatische Niederschlagsstationen;Stations pluviométriques automatiques;Stazioni pluviometriche automatiche;Automatic precipitation stations;Kt. BE;01.01.1901;936;;2595880;1155471;46.550511;7.384917;Tal;Vallée;Valle;valley;https://www.meteoschweiz.admin.ch/service-und-publikationen/applikationen/messwerte-und-messnetze.html#param=messnetz-automatisch&station=ZWE;https://www.meteosuisse.admin.ch/services-et-publications/applications/valeurs-mesurees-et-reseaux-de-mesure.html#param=messnetz-automatisch&station=ZWE;https://www.meteosvizzera.admin.ch/servizi-e-pubblicazioni/applicazioni/valori-attuali-e-reti-di-misura.html#param=messnetz-automatisch&station=ZWE;https://www.meteoswiss.admin.ch/services-and-publications/applications/measurement-values-and-measuring-networks.html#param=messnetz-automatisch&station=ZWE
ZWK;Zwillikon;ZH;0-756-0-ZWK;Automatische Niederschlagsstationen;Stations pluviométriques automatiques;Stazioni pluviometriche automatiche;Automatic precipitation stations;MeteoSchweiz;01.01.1961;461;;2675139;1238165;47.290092;8.431958;Muldenlage;Dépression;Depressione;basin;https://www.meteoschweiz.admin.ch/service-und-publikationen/applikationen/messwerte-und-messnetze.html#param=messnetz-automatisch&station=ZWK;https://www.meteosuisse.admin.ch/services-et-publications/applications/valeurs-mesurees-et-reseaux-de-mesure.html#param=messnetz-automatisch&station=ZWK;https://www.meteosvizzera.admin.ch/servizi-e-pubblicazioni/applicazioni/valori-attuali-e-reti-di-misura.html#param=messnetz-automatisch&station=ZWK;https://www.meteoswiss.admin.ch/services-and-publications/applications/measurement-values-and-measuring-networks.html#param=messnetz-automatisch&station=ZWK
